,prediction_label,truth_label
0,6,0
1,8,1
2,0,2
3,0,2
4,3,3
5,0,2
6,7,8
7,4,6
8,8,5
9,0,0
10,4,3
11,4,4
12,4,4
13,6,6
14,7,8
15,7,5
16,6,6
17,4,3
18,6,6
19,4,4
20,3,4
21,4,4
22,6,2
23,2,1
24,7,5
25,7,7
26,8,8
27,4,4
28,4,4
29,4,1
30,7,5
31,7,7
32,7,7
33,4,8
34,4,1
35,0,0
36,7,9
37,4,8
38,3,0
39,9,8
40,0,2
41,0,0
42,4,4
43,4,6
44,6,2
45,0,0
46,2,3
47,3,3
48,0,2
49,9,3
50,0,2
51,4,2
52,4,9
53,4,3
54,0,0
55,5,9
56,8,9
57,4,4
58,0,6
59,4,0
60,3,4
61,7,5
62,4,4
63,3,6
64,8,1
65,4,1
66,6,0
67,5,9
68,7,5
69,6,2
70,7,7
71,2,3
72,4,4
73,0,6
74,7,5
75,7,7
76,4,1
77,4,6
78,4,1
79,4,4
80,7,9
81,9,8
82,4,1
83,4,2
84,4,4
85,7,8
86,7,9
87,4,4
88,4,1
89,4,6
90,4,3
91,4,4
92,4,2
93,4,2
94,4,2
95,4,6
96,0,4
97,7,7
98,7,7
99,4,3
100,7,9
101,3,3
102,7,9
103,4,0
104,0,8
105,4,2
106,8,3
107,0,8
108,0,2
109,7,7
110,7,5
111,7,5
112,4,3
113,4,2
114,7,7
115,7,5
116,0,0
117,0,2
118,7,7
119,2,1
120,0,0
121,7,5
122,6,4
123,4,4
124,7,7
125,0,0
126,7,8
127,7,5
128,0,0
129,4,3
130,8,1
131,7,7
132,7,9
133,4,4
134,8,9
135,4,6
136,6,4
137,0,4
138,4,2
139,4,4
140,3,3
141,4,3
142,8,3
143,0,2
144,6,2
145,4,6
146,3,0
147,0,0
148,4,1
149,3,3
150,4,4
151,4,3
152,4,3
153,4,1
154,8,9
155,2,3
156,4,3
157,2,3
158,8,9
159,7,5
160,4,6
161,7,7
162,7,7
163,4,3
164,6,2
165,4,4
166,0,0
167,6,8
168,7,7
169,0,2
170,4,2
171,4,8
172,7,9
173,0,0
174,4,2
175,4,4
176,6,4
177,7,5
178,7,7
179,7,9
180,7,9
181,4,1
182,2,3
183,7,9
184,4,1
185,7,5
186,7,5
187,6,6
188,6,0
189,7,7
190,3,4
191,7,9
192,4,1
193,4,6
194,4,0
195,0,0
196,0,0
197,4,4
198,0,0
199,8,9
200,6,0
201,4,4
202,4,2
203,7,5
204,7,5
205,4,8
206,6,6
207,4,2
208,4,1
209,7,9
210,4,0
211,2,4
212,7,7
213,4,1
214,7,9
215,7,5
216,5,9
217,4,0
218,4,2
219,2,8
220,7,5
221,7,7
222,7,7
223,4,3
224,0,2
225,4,4
226,7,5
227,7,7
228,7,8
229,4,1
230,7,9
231,7,5
232,0,6
233,0,2
234,7,9
235,7,7
236,4,4
237,0,0
238,8,9
239,0,2
240,4,1
241,7,5
242,7,7
243,7,7
244,0,0
245,0,2
246,4,4
247,7,5
248,4,3
249,4,3
250,7,8
251,8,1
252,4,6
253,4,2
254,4,4
255,2,8
256,3,6
257,8,9
258,0,8
259,8,3
260,9,3
261,6,2
262,6,4
263,6,2
264,4,2
265,7,9
266,2,3
267,7,9
268,6,2
269,0,8
270,4,6
271,2,8
272,4,8
273,6,2
274,7,7
275,6,2
276,7,5
277,7,5
278,8,9
279,7,5
280,7,8
281,6,2
282,4,4
283,7,8
284,6,4
285,7,8
286,3,3
287,4,1
288,0,2
289,6,2
290,4,2
291,4,1
292,7,8
293,4,1
294,4,3
295,0,3
296,3,4
297,4,1
298,7,7
299,0,0
300,7,5
301,0,2
302,0,0
303,7,7
304,0,6
305,6,6
306,7,7
307,4,4
308,7,7
309,7,7
310,4,1
311,4,6
312,4,6
313,4,6
314,7,7
315,7,8
316,7,7
317,0,0
318,7,9
319,0,2
320,2,0
321,0,2
322,7,5
323,3,0
324,4,8
325,7,5
326,2,8
327,7,7
328,7,7
329,3,4
330,4,1
331,0,2
332,7,9
333,7,7
334,4,6
335,3,0
336,8,1
337,6,6
338,4,3
339,2,8
340,0,6
341,7,5
342,7,5
343,0,0
344,7,9
345,0,2
346,7,9
347,7,8
348,0,0
349,4,6
350,7,9
351,3,6
352,3,4
353,8,3
354,4,6
355,0,6
356,0,6
357,0,8
358,5,5
359,8,9
360,7,5
361,0,1
362,0,2
363,0,0
364,7,7
365,8,1
366,0,2
367,7,7
368,7,5
369,7,9
370,4,6
371,4,2
372,0,0
373,4,2
374,0,2
375,4,6
376,4,6
377,7,7
378,0,2
379,8,9
380,9,8
381,4,3
382,5,9
383,7,7
384,7,5
385,2,1
386,6,4
387,4,2
388,7,9
389,7,5
390,7,5
391,4,0
392,4,3
393,4,4
394,7,7
395,4,4
396,4,6
397,3,4
398,4,0
399,7,5
400,0,0
401,4,6
402,0,0
403,6,2
404,8,3
405,7,5
406,7,7
407,4,0
408,7,5
409,0,0
410,7,9
411,6,0
412,5,5
413,4,6
414,7,7
415,7,7
416,7,5
417,7,5
418,4,4
419,4,4
420,0,0
421,6,4
422,0,0
423,7,9
424,7,8
425,6,4
426,4,1
427,0,0
428,4,6
429,4,6
430,4,2
431,7,9
432,4,4
433,4,3
434,8,1
435,0,2
436,7,5
437,7,8
438,2,3
439,7,8
440,4,2
441,7,7
442,4,1
443,0,2
444,0,0
445,7,7
446,2,8
447,7,7
448,4,4
449,7,5
450,4,1
451,0,0
452,2,3
453,6,0
454,7,5
455,7,8
456,8,4
457,7,9
458,7,9
459,7,5
460,7,5
461,7,8
462,4,4
463,0,6
464,4,3
465,4,2
466,7,7
467,4,1
468,7,5
469,0,2
470,7,5
471,7,5
472,7,9
473,4,6
474,6,0
475,7,7
476,6,6
477,6,6
478,7,7
479,4,6
480,2,8
481,4,6
482,2,3
483,7,7
484,3,3
485,4,1
486,3,4
487,7,9
488,7,7
489,0,0
490,2,8
491,6,6
492,3,2
493,8,8
494,4,8
495,4,1
496,7,7
497,4,1
498,7,9
499,8,3
500,4,8
501,4,1
502,6,2
503,0,2
504,8,9
505,3,3
506,4,8
507,4,6
508,6,6
509,2,4
510,0,2
511,5,5
512,7,7
513,4,1
514,0,2
515,0,0
516,6,0
517,6,2
518,7,9
519,4,4
520,7,5
521,4,2
522,4,3
523,2,8
524,6,4
525,6,2
526,7,5
527,7,5
528,4,3
529,7,7
530,4,1
531,7,9
532,7,8
533,7,9
534,7,7
535,4,0
536,0,4
537,4,4
538,0,6
539,4,1
540,7,6
541,6,4
542,4,4
543,2,1
544,6,2
545,7,7
546,3,3
547,7,5
548,7,9
549,7,7
550,7,7
551,4,1
552,7,7
553,0,2
554,0,2
555,2,8
556,4,4
557,4,4
558,8,2
559,2,8
560,2,8
561,3,3
562,7,7
563,4,3
564,0,2
565,7,7
566,8,8
567,4,4
568,0,6
569,4,6
570,4,6
571,7,5
572,7,9
573,4,4
574,7,5
575,7,8
576,7,5
577,4,4
578,2,1
579,4,1
580,0,6
581,7,7
582,4,4
583,4,4
584,7,5
585,0,0
586,0,4
587,0,2
588,4,3
589,4,4
590,2,3
591,0,2
592,0,0
593,8,2
594,7,5
595,6,2
596,8,9
597,7,7
598,7,0
599,2,1
600,8,1
601,3,3
602,7,7
603,7,5
604,7,7
605,4,8
606,7,5
607,2,3
608,6,0
609,4,6
610,7,7
611,5,9
612,6,6
613,6,6
614,4,6
615,7,8
616,6,0
617,4,1
618,7,8
619,8,9
620,8,1
621,7,7
622,9,8
623,7,7
624,7,9
625,4,3
626,4,1
627,2,8
628,4,3
629,8,5
630,3,4
631,7,7
632,7,9
633,4,3
634,7,7
635,7,9
636,7,5
637,4,1
638,3,3
639,7,8
640,4,6
641,7,9
642,6,6
643,4,2
644,0,6
645,7,5
646,4,6
647,0,6
648,8,5
649,8,1
650,4,3
651,7,9
652,7,7
653,2,3
654,7,9
655,7,7
656,4,4
657,4,6
658,2,2
659,4,3
660,7,9
661,4,4
662,4,1
663,8,1
664,7,8
665,7,7
666,7,7
667,7,5
668,8,8
669,2,8
670,0,4
671,7,5
672,2,8
673,4,1
674,0,4
675,4,6
676,4,6
677,7,7
678,3,3
679,7,7
680,4,6
681,7,5
682,7,7
683,4,1
684,4,3
685,7,8
686,2,3
687,0,0
688,3,3
689,2,8
690,6,4
691,6,0
692,4,1
693,2,8
694,0,0
695,7,7
696,4,2
697,7,5
698,4,0
699,7,9
700,8,1
701,4,1
702,4,3
703,0,4
704,7,7
705,4,3
706,4,4
707,7,7
708,9,8
709,7,9
710,0,0
711,4,1
712,2,3
713,5,5
714,7,9
715,4,6
716,2,3
717,7,9
718,7,7
719,4,1
720,6,2
721,7,9
722,0,0
723,4,1
724,7,7
725,0,0
726,4,0
727,7,5
728,4,1
729,7,9
730,4,8
731,7,7
732,4,3
733,7,9
734,8,1
735,0,0
736,4,3
737,7,8
738,7,9
739,4,4
740,7,9
741,2,3
742,8,9
743,8,3
744,7,6
745,7,8
746,0,0
747,4,0
748,7,8
749,7,9
750,7,7
751,7,9
752,0,0
753,7,5
754,5,9
755,4,2
756,6,2
757,7,7
758,7,7
759,4,3
760,4,1
761,8,9
762,7,8
763,4,3
764,4,4
765,2,8
766,7,9
767,4,1
768,4,8
769,4,8
770,0,0
771,0,6
772,7,7
773,4,1
774,6,4
775,4,3
776,8,3
777,0,2
778,4,1
779,4,4
780,7,5
781,4,0
782,7,7
783,8,8
784,9,8
785,7,8
786,6,6
787,0,0
788,0,2
789,7,7
790,7,8
791,4,1
792,7,9
793,2,3
794,7,5
795,6,2
796,4,4
797,2,8
798,3,3
799,4,1
800,4,1
801,0,6
802,8,1
803,4,4
804,4,3
805,7,9
806,7,9
807,4,1
808,4,1
809,7,5
810,7,9
811,3,4
812,7,5
813,7,9
814,7,5
815,7,5
816,0,8
817,0,0
818,4,3
819,4,6
820,4,1
821,7,7
822,7,9
823,4,3
824,7,5
825,4,2
826,4,6
827,5,5
828,4,6
829,7,9
830,4,8
831,7,5
832,7,9
833,0,2
834,7,9
835,4,3
836,7,8
837,7,7
838,6,6
839,7,5
840,4,1
841,7,7
842,0,0
843,9,8
844,7,8
845,7,9
846,7,9
847,0,6
848,4,2
849,8,8
850,7,9
851,7,7
852,0,3
853,6,0
854,6,4
855,7,5
856,6,0
857,0,0
858,0,6
859,4,8
860,8,9
861,6,2
862,0,2
863,7,8
864,6,2
865,4,4
866,4,6
867,7,9
868,4,2
869,7,9
870,7,5
871,5,5
872,8,9
873,7,9
874,0,2
875,7,7
876,2,4
877,7,7
878,7,8
879,3,3
880,3,6
881,4,1
882,2,8
883,4,3
884,0,0
885,6,0
886,4,0
887,6,2
888,7,9
889,7,7
890,4,3
891,6,0
892,4,1
893,7,7
894,4,1
895,8,9
896,7,8
897,8,9
898,8,4
899,4,6
900,4,3
901,6,6
902,4,3
903,6,4
904,7,5
905,2,5
906,6,0
907,4,6
908,6,6
909,4,6
910,7,9
911,4,1
912,0,0
913,0,0
914,4,1
915,4,0
916,4,3
917,7,5
918,4,3
919,7,7
920,4,6
921,0,2
922,6,2
923,2,8
924,9,8
925,4,6
926,6,2
927,7,5
928,6,2
929,7,8
930,8,8
931,2,3
932,6,2
933,6,6
934,7,8
935,4,6
936,4,3
937,6,6
938,4,1
939,4,2
940,4,1
941,4,3
942,0,6
943,7,5
944,4,2
945,9,5
946,6,0
947,4,4
948,0,0
949,0,2
950,7,9
951,0,0
952,7,5
953,6,0
954,0,0
955,0,2
956,8,1
957,7,8
958,7,5
959,4,0
960,6,2
961,4,6
962,4,3
963,4,3
964,4,6
965,4,3
966,9,3
967,3,2
968,4,6
969,7,9
970,6,0
971,2,3
972,4,4
973,7,7
974,4,6
975,7,7
976,4,1
977,4,4
978,7,7
979,4,2
980,4,3
981,7,9
982,2,1
983,2,3
984,7,8
985,7,8
986,4,4
987,4,3
988,4,6
989,8,9
990,0,0
991,7,9
992,4,6
993,0,0
994,0,2
995,8,9
996,6,2
997,7,7
998,6,4
999,7,5
1000,4,2
1001,0,2
1002,4,4
1003,7,5
1004,0,2
1005,3,4
1006,2,8
1007,7,5
1008,4,1
1009,3,3
1010,8,8
1011,0,0
1012,4,1
1013,9,8
1014,4,4
1015,4,2
1016,7,8
1017,7,7
1018,7,9
1019,0,0
1020,2,8
1021,7,5
1022,7,9
1023,4,4
1024,4,1
1025,0,6
1026,0,8
1027,7,5
1028,0,2
1029,7,7
1030,7,5
1031,4,1
1032,7,8
1033,4,3
1034,7,5
1035,4,4
1036,0,2
1037,7,7
1038,4,4
1039,5,9
1040,0,2
1041,4,4
1042,8,5
1043,7,7
1044,7,5
1045,7,9
1046,4,8
1047,6,0
1048,0,6
1049,0,2
1050,8,4
1051,3,4
1052,7,7
1053,4,4
1054,2,3
1055,0,2
1056,4,6
1057,5,8
1058,9,8
1059,7,8
1060,7,9
1061,7,7
1062,4,8
1063,6,0
1064,7,7
1065,4,6
1066,7,5
1067,2,3
1068,4,3
1069,6,6
1070,7,5
1071,6,0
1072,2,3
1073,4,3
1074,7,9
1075,2,5
1076,4,1
1077,3,3
1078,4,6
1079,7,7
1080,7,7
1081,7,9
1082,7,8
1083,4,1
1084,4,1
1085,7,7
1086,7,7
1087,7,8
1088,7,7
1089,7,5
1090,8,9
1091,4,4
1092,8,1
1093,7,7
1094,4,3
1095,8,5
1096,7,7
1097,0,6
1098,3,6
1099,6,4
1100,2,4
1101,0,6
1102,7,7
1103,7,8
1104,4,1
1105,7,7
1106,0,0
1107,0,0
1108,2,1
1109,0,0
1110,7,9
1111,2,3
1112,5,9
1113,0,6
1114,0,6
1115,4,1
1116,7,8
1117,4,1
1118,6,6
1119,7,7
1120,6,2
1121,0,6
1122,4,6
1123,4,4
1124,7,5
1125,7,9
1126,9,8
1127,4,1
1128,6,2
1129,4,4
1130,0,6
1131,0,6
1132,0,2
1133,7,5
1134,4,1
1135,7,7
1136,2,3
1137,4,3
1138,0,0
1139,4,9
1140,4,6
1141,7,9
1142,7,5
1143,4,1
1144,7,5
1145,7,7
1146,0,0
1147,7,7
1148,4,6
1149,9,8
1150,2,2
1151,5,9
1152,6,6
1153,2,3
1154,8,9
1155,3,3
1156,4,3
1157,4,0
1158,9,8
1159,6,4
1160,0,0
1161,6,0
1162,7,9
1163,4,2
1164,7,7
1165,6,1
1166,7,5
1167,7,7
1168,2,8
1169,4,2
1170,0,3
1171,4,8
1172,7,9
1173,7,5
1174,7,7
1175,4,4
1176,4,1
1177,0,0
1178,4,1
1179,7,7
1180,2,3
1181,4,6
1182,4,0
1183,6,8
1184,4,2
1185,7,7
1186,7,5
1187,7,5
1188,0,2
1189,8,3
1190,4,4
1191,3,3
1192,8,5
1193,7,9
1194,0,0
1195,7,5
1196,7,7
1197,4,1
1198,4,3
1199,7,9
1200,7,5
1201,7,5
1202,7,7
1203,4,4
1204,4,6
1205,7,9
1206,0,0
1207,7,8
1208,4,6
1209,2,3
1210,4,8
1211,7,7
1212,0,0
1213,6,0
1214,4,1
1215,7,8
1216,4,3
1217,7,7
1218,0,8
1219,0,2
1220,3,4
1221,7,8
1222,0,6
1223,9,8
1224,7,7
1225,7,5
1226,7,7
1227,7,5
1228,7,6
1229,7,5
1230,4,4
1231,4,4
1232,3,1
1233,7,7
1234,4,4
1235,8,9
1236,8,1
1237,4,1
1238,2,3
1239,8,8
1240,4,1
1241,7,9
1242,7,7
1243,7,5
1244,7,7
1245,4,8
1246,7,8
1247,7,9
1248,3,6
1249,7,5
1250,4,2
1251,4,1
1252,4,4
1253,7,5
1254,7,8
1255,4,6
1256,4,4
1257,7,9
1258,4,0
1259,7,9
1260,2,4
1261,7,5
1262,4,6
1263,8,5
1264,4,4
1265,3,6
1266,7,5
1267,5,5
1268,7,7
1269,7,5
1270,4,6
1271,9,5
1272,0,0
1273,7,5
1274,4,1
1275,7,8
1276,8,9
1277,4,6
1278,2,3
1279,7,9
1280,4,6
1281,0,0
1282,8,5
1283,4,6
1284,4,4
1285,7,9
1286,8,3
1287,0,2
1288,4,1
1289,7,9
1290,7,7
1291,7,7
1292,0,2
1293,7,7
1294,4,0
1295,4,1
1296,3,3
1297,7,7
1298,7,7
1299,4,1
1300,0,0
1301,4,4
1302,6,6
1303,2,4
1304,9,5
1305,8,5
1306,2,4
1307,0,2
1308,7,9
1309,0,2
1310,9,8
1311,8,8
1312,4,4
1313,0,6
1314,4,0
1315,2,4
1316,0,6
1317,4,2
1318,8,9
1319,5,5
1320,7,7
1321,6,2
1322,7,5
1323,0,1
1324,4,6
1325,0,6
1326,6,3
1327,8,9
1328,8,8
1329,7,7
1330,7,5
1331,4,0
1332,0,6
1333,4,4
1334,0,2
1335,7,9
1336,0,2
1337,7,8
1338,0,2
1339,0,0
1340,0,6
1341,4,6
1342,4,1
1343,2,2
1344,6,2
1345,4,0
1346,6,2
1347,7,9
1348,7,9
1349,7,9
1350,8,9
1351,4,6
1352,4,1
1353,6,0
1354,7,9
1355,4,1
1356,7,8
1357,7,8
1358,7,8
1359,7,7
1360,4,6
1361,7,5
1362,4,3
1363,8,3
1364,0,2
1365,0,0
1366,4,4
1367,4,1
1368,7,7
1369,7,9
1370,8,1
1371,4,8
1372,7,5
1373,7,9
1374,5,5
1375,6,6
1376,4,1
1377,7,7
1378,4,3
1379,0,6
1380,7,5
1381,4,1
1382,4,6
1383,2,8
1384,7,9
1385,0,6
1386,4,6
1387,4,0
1388,7,9
1389,7,7
1390,4,3
1391,0,8
1392,4,6
1393,0,2
1394,6,2
1395,7,7
1396,4,6
1397,0,8
1398,2,3
1399,7,5
1400,0,2
1401,6,2
1402,7,9
1403,0,2
1404,4,2
1405,6,0
1406,0,0
1407,4,1
1408,4,0
1409,0,0
1410,7,5
1411,4,1
1412,6,4
1413,4,1
1414,7,7
1415,4,6
1416,4,3
1417,4,0
1418,8,1
1419,3,6
1420,7,9
1421,4,6
1422,4,2
1423,0,0
1424,7,5
1425,0,0
1426,0,2
1427,6,2
1428,4,6
1429,0,6
1430,0,0
1431,4,1
1432,7,5
1433,6,3
1434,6,4
1435,6,4
1436,4,4
1437,7,7
1438,0,6
1439,8,9
1440,0,2
1441,0,0
1442,7,7
1443,4,0
1444,4,1
1445,0,0
1446,4,6
1447,7,8
1448,4,2
1449,4,1
1450,4,6
1451,4,1
1452,0,0
1453,2,3
1454,3,4
1455,4,4
1456,4,8
1457,4,2
1458,6,0
1459,4,6
1460,4,3
1461,8,9
1462,7,8
1463,8,9
1464,4,4
1465,8,1
1466,7,5
1467,4,0
1468,4,3
1469,4,3
1470,8,1
1471,4,4
1472,4,4
1473,7,9
1474,6,6
1475,6,2
1476,7,5
1477,0,0
1478,5,9
1479,7,7
1480,4,4
1481,0,0
1482,4,4
1483,0,2
1484,8,9
1485,0,0
1486,4,4
1487,0,2
1488,0,2
1489,0,2
1490,9,8
1491,0,2
1492,7,5
1493,4,1
1494,2,3
1495,4,8
1496,4,3
1497,4,8
1498,7,5
1499,4,1
1500,6,0
1501,7,5
1502,4,4
1503,8,5
1504,4,6
1505,2,3
1506,2,3
1507,7,7
1508,7,9
1509,7,5
1510,7,7
1511,4,4
1512,7,5
1513,4,1
1514,4,1
1515,6,6
1516,4,1
1517,4,1
1518,7,8
1519,7,7
1520,4,1
1521,4,1
1522,4,1
1523,2,8
1524,7,8
1525,0,0
1526,7,5
1527,6,0
1528,6,4
1529,4,6
1530,4,2
1531,7,7
1532,7,5
1533,4,4
1534,0,2
1535,7,5
1536,3,4
1537,4,6
1538,7,9
1539,7,9
1540,7,7
1541,7,5
1542,6,6
1543,2,1
1544,4,3
1545,4,1
1546,2,3
1547,0,2
1548,7,5
1549,7,7
1550,4,1
1551,4,4
1552,4,1
1553,7,5
1554,4,4
1555,4,4
1556,4,4
1557,7,7
1558,3,4
1559,7,7
1560,4,1
1561,7,5
1562,0,6
1563,4,4
1564,7,2
1565,4,6
1566,7,9
1567,7,7
1568,0,0
1569,7,7
1570,9,9
1571,4,3
1572,4,2
1573,4,1
1574,7,7
1575,4,0
1576,7,9
1577,4,6
1578,7,8
1579,8,8
1580,7,5
1581,4,4
1582,2,8
1583,6,2
1584,4,1
1585,8,7
1586,7,7
1587,2,8
1588,4,6
1589,7,7
1590,7,5
1591,4,0
1592,6,3
1593,7,5
1594,4,6
1595,7,7
1596,4,0
1597,4,0
1598,7,7
1599,4,4
1600,4,4
1601,4,6
1602,7,8
1603,6,0
1604,4,1
1605,0,6
1606,7,5
1607,3,3
1608,2,3
1609,0,0
1610,4,4
1611,7,8
1612,4,3
1613,7,9
1614,4,8
1615,7,9
1616,0,2
1617,7,7
1618,7,9
1619,7,5
1620,4,0
1621,6,4
1622,7,9
1623,4,6
1624,0,2
1625,2,8
1626,0,4
1627,4,1
1628,4,4
1629,7,5
1630,7,8
1631,4,1
1632,7,7
1633,4,1
1634,4,1
1635,4,6
1636,0,8
1637,7,8
1638,4,3
1639,7,9
1640,4,4
1641,7,5
1642,4,4
1643,4,6
1644,7,7
1645,4,3
1646,4,3
1647,4,6
1648,0,2
1649,3,4
1650,6,2
1651,4,6
1652,0,2
1653,4,1
1654,4,6
1655,2,8
1656,8,1
1657,4,2
1658,8,3
1659,0,0
1660,8,1
1661,4,4
1662,0,2
1663,0,0
1664,4,3
1665,7,5
1666,4,6
1667,4,6
1668,4,4
1669,2,2
1670,4,4
1671,4,3
1672,4,1
1673,4,1
1674,7,7
1675,7,5
1676,7,9
1677,0,6
1678,4,4
1679,7,7
1680,2,3
1681,4,3
1682,4,3
1683,4,3
1684,7,7
1685,0,0
1686,4,1
1687,7,7
1688,7,7
1689,0,0
1690,7,5
1691,0,0
1692,7,7
1693,7,8
1694,4,2
1695,4,4
1696,7,7
1697,6,4
1698,4,6
1699,6,4
1700,7,9
1701,4,1
1702,3,4
1703,3,4
1704,4,6
1705,0,2
1706,3,4
1707,3,0
1708,4,2
1709,4,1
1710,7,9
1711,6,0
1712,4,3
1713,7,8
1714,4,6
1715,4,1
1716,8,3
1717,4,4
1718,2,8
1719,7,9
1720,0,6
1721,8,9
1722,4,6
1723,0,2
1724,5,5
1725,7,9
1726,7,7
1727,4,4
1728,7,5
1729,6,6
1730,0,2
1731,0,6
1732,4,6
1733,5,8
1734,7,8
1735,7,5
1736,0,6
1737,7,8
1738,6,0
1739,6,0
1740,7,7
1741,7,9
1742,7,5
1743,7,9
1744,0,0
1745,7,5
1746,4,3
1747,4,3
1748,7,9
1749,4,6
1750,6,2
1751,7,5
1752,9,8
1753,0,6
1754,7,7
1755,7,7
1756,4,0
1757,7,9
1758,7,9
1759,7,8
1760,4,6
1761,7,7
1762,6,0
1763,4,6
1764,4,2
1765,5,5
1766,4,0
1767,4,8
1768,4,4
1769,4,3
1770,8,9
1771,4,3
1772,0,0
1773,4,3
1774,2,2
1775,2,1
1776,8,1
1777,7,8
1778,8,9
1779,0,0
1780,7,0
1781,7,7
1782,4,4
1783,4,1
1784,4,6
1785,3,2
1786,0,6
1787,6,2
1788,6,4
1789,2,1
1790,4,1
1791,4,4
1792,0,0
1793,7,9
1794,4,4
1795,0,2
1796,8,9
1797,2,3
1798,4,3
1799,4,6
1800,3,3
1801,4,1
1802,2,1
1803,7,7
1804,0,0
1805,2,6
1806,3,6
1807,7,9
1808,7,7
1809,4,1
1810,0,0
1811,3,4
1812,7,9
1813,7,5
1814,4,1
1815,4,0
1816,7,5
1817,0,2
1818,2,1
1819,4,3
1820,7,5
1821,4,3
1822,9,9
1823,4,2
1824,7,8
1825,7,7
1826,4,4
1827,0,2
1828,7,9
1829,4,4
1830,7,9
1831,0,0
1832,4,4
1833,0,0
1834,4,1
1835,0,2
1836,3,3
1837,7,7
1838,4,6
1839,8,9
1840,4,3
1841,4,3
1842,0,0
1843,7,5
1844,4,1
1845,4,1
1846,0,0
1847,4,3
1848,9,8
1849,4,3
1850,3,6
1851,7,5
1852,7,9
1853,4,1
1854,4,0
1855,0,0
1856,2,3
1857,0,6
1858,7,7
1859,4,0
1860,7,9
1861,9,7
1862,0,2
1863,7,7
1864,6,4
1865,4,2
1866,4,1
1867,8,9
1868,7,7
1869,6,2
1870,4,8
1871,4,3
1872,2,1
1873,0,0
1874,6,2
1875,7,7
1876,4,3
1877,0,0
1878,8,3
1879,0,0
1880,7,5
1881,2,8
1882,0,6
1883,7,9
1884,7,9
1885,8,5
1886,0,6
1887,6,2
1888,0,0
1889,4,1
1890,2,3
1891,3,0
1892,4,4
1893,7,9
1894,0,2
1895,4,4
1896,2,8
1897,6,6
1898,4,4
1899,7,9
1900,7,9
1901,0,0
1902,7,5
1903,7,5
1904,4,2
1905,7,5
1906,4,3
1907,2,3
1908,5,9
1909,6,4
1910,3,0
1911,6,4
1912,4,3
1913,7,9
1914,6,6
1915,7,7
1916,4,3
1917,7,7
1918,2,8
1919,4,4
1920,8,3
1921,7,5
1922,4,1
1923,0,2
1924,7,7
1925,4,6
1926,7,9
1927,4,6
1928,7,7
1929,4,3
1930,7,5
1931,7,9
1932,4,6
1933,4,8
1934,7,7
1935,7,9
1936,3,3
1937,6,4
1938,3,6
1939,0,2
1940,4,4
1941,7,7
1942,7,9
1943,7,5
1944,4,8
1945,0,0
1946,9,3
1947,2,5
1948,3,3
1949,4,1
1950,2,8
1951,4,8
1952,0,2
1953,7,7
1954,7,5
1955,6,2
1956,7,7
1957,2,3
1958,4,3
1959,7,5
1960,7,9
1961,6,6
1962,7,5
1963,0,2
1964,0,6
1965,4,3
1966,3,4
1967,6,4
1968,0,2
1969,7,9
1970,7,8
1971,0,0
1972,4,1
1973,4,6
1974,4,4
1975,4,1
1976,8,9
1977,7,8
1978,0,8
1979,4,0
1980,4,3
1981,2,8
1982,4,6
1983,7,7
1984,7,5
1985,7,9
1986,7,5
1987,4,1
1988,4,3
1989,2,3
1990,4,4
1991,4,4
1992,3,1
1993,0,0
1994,7,7
1995,4,2
1996,9,5
1997,4,2
1998,7,5
1999,7,8
2000,4,8
2001,7,5
2002,3,3
2003,4,4
2004,7,9
2005,7,5
2006,7,8
2007,7,7
2008,4,6
2009,4,4
2010,4,2
2011,4,8
2012,7,9
2013,0,0
2014,4,3
2015,0,0
2016,4,6
2017,7,5
2018,4,0
2019,7,5
2020,4,6
2021,4,3
2022,4,1
2023,7,5
2024,7,5
2025,2,3
2026,3,4
2027,6,0
2028,7,9
2029,4,2
2030,3,4
2031,7,9
2032,4,0
2033,7,0
2034,2,3
2035,8,5
2036,4,6
2037,4,0
2038,2,8
2039,6,0
2040,7,5
2041,4,6
2042,4,1
2043,4,3
2044,0,6
2045,4,2
2046,7,8
2047,2,3
2048,2,8
2049,4,2
2050,7,9
2051,4,2
2052,2,8
2053,7,7
2054,4,1
2055,8,9
2056,7,7
2057,4,6
2058,7,5
2059,0,8
2060,7,7
2061,4,4
2062,0,4
2063,4,3
2064,4,8
2065,8,9
2066,4,0
2067,3,3
2068,7,8
2069,4,3
2070,4,1
2071,0,0
2072,4,3
2073,4,2
2074,7,7
2075,2,3
2076,4,2
2077,4,2
2078,6,2
2079,7,7
2080,4,3
2081,2,1
2082,4,3
2083,4,4
2084,7,9
2085,0,0
2086,4,2
2087,4,4
2088,0,0
2089,8,1
2090,6,0
2091,5,5
2092,4,1
2093,6,2
2094,6,4
2095,4,0
2096,9,9
2097,7,7
2098,4,3
2099,7,9
2100,4,3
2101,9,8
2102,4,1
2103,3,3
2104,3,4
2105,7,9
2106,9,3
2107,4,3
2108,0,2
2109,7,5
2110,4,1
2111,4,1
2112,7,7
2113,7,8
2114,6,0
2115,4,6
2116,3,2
2117,7,9
2118,4,3
2119,4,2
2120,7,5
2121,0,0
2122,4,1
2123,7,8
2124,4,4
2125,3,0
2126,4,4
2127,4,1
2128,4,0
2129,7,7
2130,6,0
2131,7,8
2132,7,5
2133,4,6
2134,0,0
2135,4,6
2136,5,8
2137,0,0
2138,0,0
2139,0,6
2140,7,7
2141,9,9
2142,0,6
2143,6,6
2144,0,0
2145,4,6
2146,4,3
2147,8,3
2148,3,4
2149,8,3
2150,4,3
2151,7,9
2152,7,7
2153,4,1
2154,8,9
2155,7,7
2156,4,4
2157,6,2
2158,7,8
2159,7,7
2160,8,5
2161,7,5
2162,7,5
2163,2,8
2164,7,8
2165,8,9
2166,4,8
2167,4,3
2168,0,2
2169,0,6
2170,4,2
2171,0,0
2172,0,6
2173,4,6
2174,2,2
2175,7,5
2176,2,8
2177,0,3
2178,7,5
2179,4,6
2180,7,7
2181,6,2
2182,7,9
2183,4,3
2184,3,0
2185,7,8
2186,0,2
2187,7,7
2188,8,8
2189,0,0
2190,7,9
2191,8,6
2192,8,1
2193,7,7
2194,0,6
2195,3,3
2196,8,5
2197,4,1
2198,4,0
2199,2,3
2200,0,6
2201,7,7
2202,7,9
2203,7,9
2204,7,9
2205,6,0
2206,4,3
2207,4,6
2208,4,3
2209,4,4
2210,7,9
2211,6,0
2212,4,1
2213,4,0
2214,4,6
2215,4,0
2216,3,1
2217,0,2
2218,7,8
2219,4,1
2220,0,2
2221,4,0
2222,4,0
2223,5,8
2224,0,4
2225,2,0
2226,6,4
2227,6,2
2228,7,9
2229,7,9
2230,7,5
2231,8,2
2232,0,1
2233,4,4
2234,7,7
2235,4,3
2236,7,5
2237,2,3
2238,7,5
2239,4,6
2240,8,9
2241,0,0
2242,7,7
2243,2,4
2244,7,5
2245,6,3
2246,4,2
2247,7,9
2248,4,4
2249,4,2
2250,9,8
2251,0,0
2252,4,3
2253,4,1
2254,4,8
2255,4,1
2256,6,6
2257,4,4
2258,2,8
2259,3,0
2260,8,1
2261,8,3
2262,4,4
2263,7,5
2264,7,9
2265,8,9
2266,2,8
2267,4,6
2268,2,3
2269,3,3
2270,0,2
2271,3,1
2272,4,4
2273,6,6
2274,8,9
2275,8,5
2276,4,6
2277,7,5
2278,7,7
2279,4,2
2280,6,4
2281,7,8
2282,0,0
2283,4,0
2284,7,7
2285,7,7
2286,8,8
2287,2,3
2288,4,4
2289,4,1
2290,4,4
2291,4,6
2292,4,4
2293,4,8
2294,2,4
2295,4,3
2296,6,0
2297,7,8
2298,4,2
2299,7,5
2300,7,5
2301,3,2
2302,2,8
2303,7,5
2304,7,7
2305,7,9
2306,0,8
2307,4,1
2308,4,3
2309,4,6
2310,4,4
2311,7,7
2312,3,1
2313,0,6
2314,7,9
2315,4,4
2316,7,9
2317,4,3
2318,4,8
2319,4,1
2320,7,9
2321,7,5
2322,7,7
2323,7,8
2324,4,6
2325,4,4
2326,7,5
2327,0,2
2328,4,4
2329,3,3
2330,3,3
2331,4,3
2332,7,9
2333,7,7
2334,4,6
2335,0,6
2336,4,6
2337,7,5
2338,2,3
2339,2,8
2340,4,3
2341,4,3
2342,0,2
2343,2,8
2344,7,8
2345,4,4
2346,7,8
2347,7,8
2348,0,6
2349,7,7
2350,0,6
2351,4,2
2352,7,7
2353,7,5
2354,2,3
2355,4,4
2356,2,5
2357,4,1
2358,7,5
2359,4,4
2360,7,7
2361,2,3
2362,4,3
2363,4,6
2364,4,4
2365,4,0
2366,4,3
2367,4,4
2368,7,5
2369,3,1
2370,8,1
2371,7,9
2372,0,0
2373,4,4
2374,7,9
2375,4,6
2376,4,3
2377,7,8
2378,7,5
2379,4,8
2380,4,3
2381,4,0
2382,3,3
2383,4,4
2384,6,2
2385,4,4
2386,0,2
2387,6,4
2388,4,1
2389,7,7
2390,7,5
2391,2,3
2392,7,9
2393,4,6
2394,4,0
2395,0,0
2396,3,3
2397,4,4
2398,0,0
2399,7,8
2400,3,2
2401,4,3
2402,7,9
2403,4,6
2404,7,9
2405,7,7
2406,4,1
2407,7,9
2408,7,9
2409,2,8
2410,7,8
2411,8,9
2412,2,5
2413,4,2
2414,4,1
2415,0,0
2416,4,1
2417,4,6
2418,7,9
2419,4,4
2420,0,0
2421,0,2
2422,4,1
2423,8,5
2424,4,0
2425,0,0
2426,7,8
2427,7,7
2428,7,8
2429,4,6
2430,7,9
2431,7,5
2432,4,2
2433,0,1
2434,3,4
2435,4,1
2436,4,1
2437,4,6
2438,4,2
2439,0,0
2440,4,1
2441,4,1
2442,0,6
2443,7,7
2444,0,0
2445,3,3
2446,7,9
2447,7,9
2448,2,3
2449,0,8
2450,4,1
2451,0,2
2452,2,8
2453,4,1
2454,7,8
2455,7,5
2456,7,9
2457,9,8
2458,4,4
2459,4,1
2460,4,3
2461,4,4
2462,7,5
2463,2,8
2464,7,8
2465,0,6
2466,4,5
2467,4,0
2468,7,9
2469,4,1
2470,7,7
2471,4,1
2472,7,2
2473,0,2
2474,4,0
2475,8,9
2476,4,3
2477,4,1
2478,7,8
2479,4,3
2480,4,1
2481,4,6
2482,7,7
2483,8,1
2484,4,1
2485,7,5
2486,7,5
2487,3,6
2488,3,6
2489,4,4
2490,4,6
2491,5,9
2492,0,0
2493,7,8
2494,4,6
2495,7,5
2496,0,2
2497,8,9
2498,4,1
2499,7,8
2500,2,8
2501,2,3
2502,4,5
2503,7,5
2504,0,0
2505,4,8
2506,7,8
2507,7,5
2508,2,3
2509,0,0
2510,7,7
2511,7,5
2512,8,8
2513,6,0
2514,7,5
2515,8,3
2516,4,6
2517,4,4
2518,4,2
2519,7,8
2520,3,3
2521,0,0
2522,0,2
2523,0,2
2524,0,3
2525,4,4
2526,7,5
2527,7,9
2528,8,9
2529,4,4
2530,7,9
2531,9,8
2532,4,4
2533,2,0
2534,8,9
2535,3,4
2536,2,8
2537,7,9
2538,4,1
2539,4,6
2540,7,9
2541,7,5
2542,0,2
2543,7,7
2544,7,7
2545,3,3
2546,2,3
2547,4,6
2548,4,1
2549,6,2
2550,0,2
2551,6,3
2552,6,2
2553,6,0
2554,0,0
2555,4,6
2556,8,9
2557,7,5
2558,8,9
2559,7,9
2560,4,6
2561,3,4
2562,4,3
2563,7,8
2564,6,6
2565,4,6
2566,7,5
2567,7,9
2568,4,3
2569,4,6
2570,0,0
2571,2,8
2572,7,5
2573,7,5
2574,4,1
2575,8,2
2576,6,0
2577,7,5
2578,2,1
2579,7,7
2580,4,3
2581,0,2
2582,7,9
2583,4,1
2584,4,4
2585,2,8
2586,7,9
2587,7,9
2588,2,0
2589,6,4
2590,7,5
2591,7,5
2592,3,4
2593,4,1
2594,4,3
2595,7,5
2596,2,8
2597,4,6
2598,7,7
2599,7,5
2600,7,7
2601,4,2
2602,7,5
2603,0,6
2604,0,2
2605,7,9
2606,2,8
2607,7,8
2608,7,9
2609,7,7
2610,2,6
2611,0,6
2612,4,2
2613,9,1
2614,4,3
2615,4,4
2616,7,8
2617,4,8
2618,3,3
2619,2,3
2620,7,9
2621,4,8
2622,7,7
2623,4,6
2624,2,3
2625,4,4
2626,7,7
2627,5,5
2628,9,8
2629,6,0
2630,4,3
2631,4,1
2632,4,2
2633,4,0
2634,6,4
2635,4,4
2636,7,9
2637,7,7
2638,7,5
2639,0,0
2640,0,2
2641,3,3
2642,4,6
2643,7,7
2644,7,7
2645,7,7
2646,0,0
2647,4,6
2648,4,4
2649,7,7
2650,8,9
2651,7,8
2652,7,9
2653,7,8
2654,4,2
2655,7,9
2656,7,5
2657,9,8
2658,7,9
2659,0,8
2660,4,2
2661,4,2
2662,4,6
2663,0,0
2664,3,3
2665,6,2
2666,7,9
2667,4,2
2668,4,6
2669,7,7
2670,2,4
2671,8,3
2672,0,2
2673,0,2
2674,4,6
2675,8,9
2676,4,1
2677,9,8
2678,6,2
2679,7,8
2680,4,1
2681,6,0
2682,7,5
2683,4,1
2684,0,0
2685,4,4
2686,4,1
2687,4,6
2688,3,3
2689,4,6
2690,3,3
2691,4,4
2692,3,6
2693,7,5
2694,3,3
2695,7,5
2696,8,4
2697,4,1
2698,4,6
2699,2,4
2700,7,5
2701,6,2
2702,7,7
2703,8,4
2704,0,6
2705,3,3
2706,7,9
2707,4,3
2708,8,9
2709,4,1
2710,0,2
2711,7,7
2712,4,1
2713,7,8
2714,7,5
2715,6,1
2716,7,5
2717,6,2
2718,4,3
2719,4,4
2720,8,1
2721,0,1
2722,6,6
2723,4,4
2724,7,5
2725,7,9
2726,7,9
2727,7,7
2728,3,3
2729,6,0
2730,3,4
2731,7,5
2732,4,2
2733,6,0
2734,4,8
2735,2,3
2736,8,9
2737,7,7
2738,7,9
2739,5,5
2740,0,2
2741,5,8
2742,7,8
2743,6,0
2744,2,8
2745,7,5
2746,7,5
2747,4,2
2748,4,1
2749,2,4
2750,7,9
2751,7,5
2752,4,1
2753,7,5
2754,7,5
2755,7,9
2756,3,3
2757,0,6
2758,7,5
2759,7,5
2760,7,5
2761,0,0
2762,7,9
2763,6,0
2764,4,1
2765,4,4
2766,4,4
2767,5,9
2768,4,8
2769,4,3
2770,4,3
2771,8,9
2772,4,8
2773,4,4
2774,2,8
2775,7,7
2776,4,1
2777,4,4
2778,4,3
2779,4,4
2780,7,8
2781,0,6
2782,7,8
2783,7,9
2784,4,3
2785,4,1
2786,7,5
2787,0,0
2788,3,4
2789,3,6
2790,8,5
2791,4,1
2792,7,5
2793,4,3
2794,7,8
2795,9,3
2796,8,9
2797,7,7
2798,7,9
2799,4,4
2800,0,2
2801,0,0
2802,7,7
2803,7,7
2804,4,3
2805,4,3
2806,2,2
2807,6,6
2808,6,0
2809,7,9
2810,5,9
2811,8,4
2812,3,3
2813,4,0
2814,7,7
2815,8,1
2816,7,9
2817,2,8
2818,4,4
2819,0,2
2820,4,0
2821,7,9
2822,7,7
2823,7,9
2824,4,1
2825,4,0
2826,0,8
2827,3,4
2828,0,6
2829,4,2
2830,7,9
2831,4,1
2832,6,0
2833,7,7
2834,7,9
2835,4,1
2836,7,7
2837,3,4
2838,7,7
2839,2,1
2840,4,4
2841,9,8
2842,7,8
2843,4,6
2844,8,9
2845,4,2
2846,4,6
2847,7,7
2848,7,7
2849,3,4
2850,4,4
2851,7,7
2852,7,9
2853,0,0
2854,6,2
2855,7,5
2856,7,5
2857,4,1
2858,0,0
2859,6,0
2860,7,7
2861,4,4
2862,7,9
2863,7,7
2864,4,1
2865,8,8
2866,7,8
2867,6,2
2868,9,8
2869,4,1
2870,0,6
2871,7,7
2872,3,1
2873,4,4
2874,2,3
2875,3,6
2876,0,0
2877,0,0
2878,4,6
2879,4,8
2880,4,2
2881,0,0
2882,7,5
2883,4,4
2884,6,2
2885,6,0
2886,7,8
2887,7,5
2888,4,4
2889,4,2
2890,7,7
2891,4,1
2892,7,5
2893,7,8
2894,7,8
2895,6,0
2896,9,9
2897,4,1
2898,3,4
2899,4,3
2900,4,4
2901,4,3
2902,2,3
2903,0,3
2904,3,1
2905,7,5
2906,4,1
2907,5,9
2908,0,2
2909,6,6
2910,0,2
2911,2,8
2912,4,4
2913,4,4
2914,5,5
2915,4,0
2916,6,2
2917,4,4
2918,0,2
2919,0,0
2920,7,7
2921,4,3
2922,4,4
2923,0,0
2924,7,8
2925,7,8
2926,7,7
2927,7,5
2928,4,0
2929,7,9
2930,4,4
2931,4,1
2932,7,7
2933,7,5
2934,0,0
2935,4,4
2936,6,2
2937,2,0
2938,0,8
2939,4,1
2940,4,2
2941,7,9
2942,4,6
2943,9,5
2944,5,0
2945,7,9
2946,2,3
2947,6,0
2948,0,2
2949,7,9
2950,0,0
2951,7,5
2952,8,9
2953,0,6
2954,7,5
2955,6,2
2956,4,1
2957,6,6
2958,4,2
2959,0,0
2960,0,0
2961,4,4
2962,9,3
2963,7,9
2964,6,6
2965,6,0
2966,7,8
2967,7,7
2968,7,7
2969,7,5
2970,6,4
2971,0,0
2972,7,5
2973,6,6
2974,0,6
2975,8,8
2976,8,1
2977,7,7
2978,6,6
2979,3,3
2980,7,7
2981,7,9
2982,8,9
2983,4,8
2984,2,4
2985,4,6
2986,7,9
2987,7,5
2988,7,9
2989,0,2
2990,7,5
2991,0,0
2992,4,4
2993,9,8
2994,0,4
2995,4,1
2996,7,9
2997,0,0
2998,0,2
2999,4,3
3000,4,6
3001,4,6
3002,4,1
3003,0,0
3004,0,2
3005,2,8
3006,4,8
3007,7,9
3008,4,1
3009,0,6
3010,7,7
3011,0,0
3012,4,3
3013,7,7
3014,6,6
3015,4,0
3016,4,8
3017,4,2
3018,7,5
3019,4,3
3020,4,1
3021,8,4
3022,7,9
3023,7,8
3024,8,9
3025,7,5
3026,7,9
3027,4,6
3028,7,5
3029,7,7
3030,4,1
3031,7,5
3032,7,9
3033,7,5
3034,8,5
3035,4,6
3036,4,0
3037,7,7
3038,9,8
3039,0,0
3040,4,6
3041,4,3
3042,7,5
3043,4,6
3044,4,1
3045,0,6
3046,7,7
3047,0,8
3048,9,5
3049,6,6
3050,6,6
3051,4,2
3052,6,2
3053,7,8
3054,4,3
3055,8,9
3056,4,4
3057,8,3
3058,7,7
3059,0,2
3060,8,9
3061,0,6
3062,4,0
3063,7,7
3064,7,9
3065,2,8
3066,7,5
3067,4,3
3068,0,2
3069,9,8
3070,6,2
3071,7,7
3072,4,6
3073,7,7
3074,2,3
3075,4,3
3076,8,8
3077,7,5
3078,7,5
3079,4,1
3080,6,4
3081,0,2
3082,7,7
3083,0,6
3084,7,5
3085,7,9
3086,6,6
3087,4,1
3088,4,3
3089,7,5
3090,7,5
3091,4,4
3092,7,5
3093,8,3
3094,6,6
3095,6,6
3096,0,0
3097,4,4
3098,4,3
3099,4,8
3100,4,4
3101,4,3
3102,4,1
3103,4,3
3104,4,2
3105,0,8
3106,0,6
3107,3,4
3108,4,4
3109,4,2
3110,4,6
3111,4,6
3112,4,3
3113,4,1
3114,7,9
3115,0,6
3116,7,0
3117,6,2
3118,4,4
3119,0,0
3120,0,2
3121,8,9
3122,4,1
3123,4,0
3124,7,8
3125,4,4
3126,4,3
3127,7,7
3128,7,9
3129,9,9
3130,4,4
3131,4,4
3132,4,4
3133,4,4
3134,7,7
3135,6,2
3136,4,1
3137,4,6
3138,4,3
3139,4,2
3140,7,7
3141,0,2
3142,4,1
3143,7,9
3144,4,6
3145,8,3
3146,0,2
3147,7,7
3148,4,6
3149,4,1
3150,4,4
3151,7,5
3152,4,2
3153,4,1
3154,4,1
3155,4,1
3156,4,8
3157,7,8
3158,9,8
3159,4,1
3160,7,9
3161,0,0
3162,4,6
3163,4,3
3164,4,4
3165,3,3
3166,0,0
3167,0,0
3168,4,4
3169,7,9
3170,4,4
3171,4,6
3172,7,9
3173,4,3
3174,7,5
3175,8,4
3176,0,6
3177,4,1
3178,7,5
3179,4,4
3180,7,9
3181,4,0
3182,4,1
3183,4,0
3184,7,7
3185,4,4
3186,7,5
3187,4,3
3188,4,4
3189,0,0
3190,7,7
3191,4,8
3192,2,8
3193,6,0
3194,4,1
3195,7,5
3196,7,5
3197,4,4
3198,0,0
3199,7,7
3200,7,7
3201,2,0
3202,7,9
3203,7,7
3204,7,7
3205,7,7
3206,6,0
3207,4,6
3208,4,0
3209,0,2
3210,4,3
3211,4,3
3212,6,6
3213,7,5
3214,7,9
3215,0,6
3216,6,2
3217,7,9
3218,4,4
3219,7,5
3220,4,4
3221,7,9
3222,7,5
3223,7,9
3224,8,9
3225,0,2
3226,6,6
3227,8,4
3228,4,3
3229,4,3
3230,7,9
3231,7,9
3232,4,3
3233,7,9
3234,6,2
3235,2,8
3236,2,1
3237,7,5
3238,7,8
3239,2,0
3240,0,2
3241,7,9
3242,7,5
3243,4,6
3244,3,2
3245,0,2
3246,4,1
3247,7,5
3248,4,3
3249,6,3
3250,7,9
3251,7,5
3252,6,2
3253,4,4
3254,4,0
3255,4,4
3256,4,4
3257,4,4
3258,7,6
3259,6,2
3260,7,7
3261,7,9
3262,0,0
3263,6,2
3264,7,7
3265,7,5
3266,4,3
3267,4,1
3268,4,2
3269,4,1
3270,0,0
3271,4,1
3272,4,6
3273,8,1
3274,0,0
3275,7,7
3276,7,5
3277,4,1
3278,4,1
3279,7,8
3280,7,7
3281,4,3
3282,2,8
3283,8,8
3284,4,4
3285,4,6
3286,7,7
3287,4,1
3288,5,9
3289,7,7
3290,7,5
3291,0,0
3292,7,5
3293,7,9
3294,2,8
3295,7,5
3296,0,2
3297,4,2
3298,3,4
3299,0,2
3300,7,5
3301,4,1
3302,0,8
3303,0,2
3304,8,1
3305,3,3
3306,8,1
3307,8,9
3308,0,0
3309,4,3
3310,7,5
3311,4,1
3312,0,2
3313,2,1
3314,7,7
3315,4,2
3316,8,1
3317,7,5
3318,0,2
3319,4,6
3320,4,1
3321,4,8
3322,3,4
3323,7,9
3324,4,4
3325,4,1
3326,4,1
3327,9,8
3328,4,3
3329,3,4
3330,4,1
3331,7,5
3332,7,5
3333,4,6
3334,4,1
3335,2,8
3336,0,6
3337,7,7
3338,4,3
3339,3,6
3340,5,5
3341,4,4
3342,0,2
3343,7,9
3344,7,9
3345,8,4
3346,7,7
3347,0,6
3348,4,4
3349,2,1
3350,0,6
3351,3,3
3352,7,7
3353,2,3
3354,8,9
3355,4,1
3356,0,0
3357,7,9
3358,4,6
3359,4,3
3360,8,8
3361,7,5
3362,4,3
3363,2,4
3364,4,2
3365,2,8
3366,4,0
3367,0,2
3368,6,0
3369,4,6
3370,4,3
3371,7,9
3372,0,2
3373,7,7
3374,8,9
3375,3,6
3376,0,6
3377,7,8
3378,4,6
3379,7,8
3380,7,8
3381,4,2
3382,7,8
3383,0,0
3384,4,4
3385,7,8
3386,4,6
3387,7,8
3388,4,6
3389,7,7
3390,4,4
3391,4,1
3392,2,6
3393,7,9
3394,0,0
3395,4,1
3396,4,1
3397,7,5
3398,7,5
3399,8,7
3400,7,8
3401,8,3
3402,2,8
3403,4,1
3404,8,9
3405,4,1
3406,7,9
3407,8,1
3408,4,2
3409,4,1
3410,4,6
3411,4,6
3412,7,5
3413,7,7
3414,7,9
3415,6,0
3416,4,3
3417,8,5
3418,6,6
3419,7,8
3420,4,3
3421,2,8
3422,7,7
3423,4,1
3424,7,7
3425,6,2
3426,4,2
3427,0,6
3428,7,5
3429,4,3
3430,3,3
3431,5,5
3432,7,5
3433,4,6
3434,7,8
3435,7,7
3436,7,5
3437,7,7
3438,7,7
3439,7,9
3440,7,5
3441,4,1
3442,2,4
3443,7,8
3444,0,0
3445,4,6
3446,4,3
3447,7,0
3448,7,9
3449,0,6
3450,7,8
3451,4,6
3452,7,5
3453,0,0
3454,7,8
3455,4,0
3456,6,2
3457,2,4
3458,7,5
3459,7,8
3460,4,0
3461,2,3
3462,0,2
3463,9,8
3464,4,4
3465,4,1
3466,3,4
3467,4,1
3468,4,4
3469,4,8
3470,4,1
3471,4,3
3472,8,3
3473,8,4
3474,4,4
3475,2,4
3476,9,4
3477,7,7
3478,4,4
3479,7,7
3480,0,0
3481,8,9
3482,7,8
3483,8,5
3484,4,3
3485,4,0
3486,2,8
3487,2,8
3488,4,2
3489,4,1
3490,4,6
3491,7,5
3492,6,4
3493,4,1
3494,7,7
3495,4,8
3496,0,2
3497,6,2
3498,7,9
3499,7,7
3500,0,2
3501,7,7
3502,7,5
3503,4,8
3504,0,2
3505,4,3
3506,7,5
3507,4,2
3508,7,8
3509,4,4
3510,7,9
3511,4,0
3512,6,6
3513,8,9
3514,4,1
3515,0,6
3516,4,0
3517,2,3
3518,4,4
3519,7,8
3520,4,3
3521,7,7
3522,7,5
3523,3,2
3524,4,4
3525,2,3
3526,0,2
3527,9,8
3528,0,0
3529,8,3
3530,4,3
3531,7,7
3532,0,6
3533,4,4
3534,0,0
3535,3,3
3536,0,6
3537,4,4
3538,4,3
3539,7,9
3540,6,4
3541,0,8
3542,7,7
3543,6,3
3544,4,6
3545,4,1
3546,7,5
3547,7,5
3548,7,6
3549,7,7
3550,4,6
3551,4,1
3552,0,0
3553,2,1
3554,0,0
3555,7,8
3556,2,8
3557,7,5
3558,4,0
3559,6,4
3560,4,3
3561,7,5
3562,6,0
3563,7,7
3564,4,1
3565,2,8
3566,7,9
3567,4,1
3568,0,2
3569,4,3
3570,8,9
3571,2,8
3572,7,7
3573,7,5
3574,2,3
3575,4,4
3576,0,2
3577,7,7
3578,7,8
3579,7,7
3580,0,0
3581,2,4
3582,7,7
3583,4,3
3584,4,0
3585,7,8
3586,6,8
3587,2,8
3588,7,8
3589,6,6
3590,0,0
3591,0,8
3592,6,6
3593,0,6
3594,6,6
3595,4,6
3596,4,6
3597,7,7
3598,7,5
3599,7,5
3600,4,1
3601,7,5
3602,4,2
3603,2,1
3604,7,7
3605,7,9
3606,0,0
3607,4,0
3608,0,6
3609,6,2
3610,7,9
3611,0,2
3612,4,1
3613,6,2
3614,8,5
3615,0,0
3616,4,1
3617,7,7
3618,4,3
3619,7,8
3620,7,7
3621,8,8
3622,4,1
3623,6,0
3624,4,1
3625,8,9
3626,4,6
3627,7,5
3628,4,8
3629,4,4
3630,4,6
3631,6,6
3632,4,4
3633,4,0
3634,4,2
3635,7,8
3636,0,0
3637,4,1
3638,7,5
3639,7,8
3640,4,8
3641,8,1
3642,8,9
3643,7,7
3644,8,1
3645,4,4
3646,0,8
3647,7,7
3648,8,9
3649,4,2
3650,7,9
3651,4,4
3652,4,4
3653,3,6
3654,2,5
3655,7,5
3656,4,3
3657,0,2
3658,7,9
3659,8,9
3660,4,8
3661,4,6
3662,4,4
3663,7,8
3664,2,3
3665,4,3
3666,4,6
3667,2,5
3668,7,7
3669,4,9
3670,0,0
3671,0,6
3672,4,0
3673,7,7
3674,7,9
3675,7,7
3676,7,7
3677,7,8
3678,6,0
3679,7,8
3680,7,7
3681,4,6
3682,4,3
3683,0,2
3684,6,0
3685,3,1
3686,4,3
3687,0,2
3688,7,5
3689,8,4
3690,7,7
3691,2,3
3692,0,6
3693,3,4
3694,7,9
3695,7,8
3696,6,2
3697,4,3
3698,7,5
3699,7,7
3700,4,6
3701,4,1
3702,0,0
3703,4,2
3704,9,8
3705,3,4
3706,7,5
3707,4,6
3708,7,5
3709,4,4
3710,7,7
3711,3,6
3712,7,7
3713,4,1
3714,7,5
3715,0,2
3716,4,8
3717,7,7
3718,0,8
3719,0,6
3720,4,1
3721,2,8
3722,4,3
3723,9,9
3724,4,8
3725,4,0
3726,3,3
3727,2,3
3728,7,7
3729,7,9
3730,4,8
3731,4,3
3732,4,3
3733,8,8
3734,6,2
3735,7,5
3736,4,1
3737,7,9
3738,7,7
3739,8,5
3740,4,1
3741,4,4
3742,4,6
3743,4,6
3744,7,8
3745,4,6
3746,7,8
3747,7,9
3748,4,6
3749,7,9
3750,4,6
3751,4,1
3752,6,4
3753,0,2
3754,8,1
3755,7,5
3756,7,9
3757,4,3
3758,0,2
3759,3,4
3760,8,4
3761,4,6
3762,0,0
3763,4,6
3764,7,5
3765,8,9
3766,7,5
3767,7,7
3768,4,4
3769,0,2
3770,4,1
3771,0,6
3772,7,5
3773,4,4
3774,8,1
3775,4,6
3776,7,7
3777,4,6
3778,7,5
3779,7,8
3780,0,0
3781,2,3
3782,7,5
3783,7,9
3784,4,3
3785,7,7
3786,7,5
3787,4,3
3788,9,8
3789,8,9
3790,4,4
3791,7,7
3792,4,4
3793,2,8
3794,4,3
3795,4,2
3796,2,8
3797,7,7
3798,4,3
3799,3,3
3800,4,4
3801,0,4
3802,7,5
3803,2,8
3804,0,0
3805,6,6
3806,6,6
3807,7,8
3808,4,1
3809,7,9
3810,3,6
3811,6,2
3812,7,7
3813,7,7
3814,7,9
3815,6,0
3816,7,9
3817,4,1
3818,7,5
3819,0,0
3820,6,6
3821,7,9
3822,0,0
3823,8,8
3824,3,4
3825,7,5
3826,3,3
3827,4,0
3828,4,4
3829,4,1
3830,8,9
3831,4,6
3832,4,3
3833,4,4
3834,7,5
3835,0,2
3836,0,2
3837,6,2
3838,3,3
3839,9,8
3840,7,9
3841,4,2
3842,0,8
3843,4,3
3844,3,8
3845,0,2
3846,0,2
3847,4,6
3848,8,9
3849,2,8
3850,6,6
3851,4,4
3852,0,0
3853,5,8
3854,2,3
3855,7,7
3856,7,7
3857,9,9
3858,0,6
3859,7,9
3860,3,1
3861,3,0
3862,4,4
3863,4,4
3864,0,2
3865,6,6
3866,4,3
3867,0,2
3868,0,0
3869,7,8
3870,4,3
3871,0,0
3872,3,1
3873,7,8
3874,7,5
3875,4,1
3876,4,2
3877,7,5
3878,7,5
3879,0,6
3880,7,7
3881,4,4
3882,4,8
3883,0,0
3884,4,3
3885,4,4
3886,7,7
3887,4,1
3888,6,4
3889,0,2
3890,6,0
3891,7,8
3892,4,3
3893,0,0
3894,4,1
3895,7,8
3896,6,0
3897,7,8
3898,0,6
3899,6,0
3900,0,2
3901,6,6
3902,6,6
3903,0,0
3904,6,0
3905,4,1
3906,7,7
3907,0,0
3908,4,6
3909,4,3
3910,0,8
3911,6,6
3912,4,4
3913,7,8
3914,0,0
3915,7,7
3916,6,6
3917,7,7
3918,4,3
3919,0,0
3920,4,0
3921,7,9
3922,3,4
3923,6,2
3924,4,3
3925,4,1
3926,7,5
3927,6,2
3928,2,3
3929,4,1
3930,4,6
3931,8,8
3932,4,3
3933,6,1
3934,0,0
3935,0,0
3936,4,3
3937,7,5
3938,4,1
3939,4,1
3940,6,6
3941,4,8
3942,7,9
3943,6,4
3944,4,4
3945,0,0
3946,7,8
3947,4,4
3948,2,0
3949,9,5
3950,4,3
3951,7,9
3952,2,8
3953,4,0
3954,7,5
3955,7,5
3956,7,9
3957,0,2
3958,8,1
3959,4,1
3960,2,8
3961,8,1
3962,6,6
3963,8,4
3964,2,8
3965,0,8
3966,7,5
3967,4,0
3968,7,7
3969,0,6
3970,4,1
3971,4,1
3972,4,6
3973,4,2
3974,7,9
3975,8,2
3976,7,8
3977,7,8
3978,2,9
3979,0,0
3980,6,4
3981,2,3
3982,0,0
3983,8,1
3984,7,5
3985,4,3
3986,0,6
3987,8,5
3988,4,4
3989,7,9
3990,3,4
3991,0,1
3992,4,4
3993,4,3
3994,4,4
3995,0,2
3996,7,7
3997,7,7
3998,4,4
3999,4,6
4000,0,0
4001,7,7
4002,4,3
4003,4,1
4004,7,5
4005,4,1
4006,7,8
4007,7,7
4008,7,7
4009,8,5
4010,4,8
4011,3,3
4012,8,9
4013,4,1
4014,3,8
4015,4,4
4016,3,3
4017,4,0
4018,7,7
4019,8,9
4020,0,3
4021,4,1
4022,4,2
4023,0,0
4024,4,4
4025,4,3
4026,4,2
4027,4,6
4028,0,3
4029,0,2
4030,7,7
4031,8,9
4032,4,2
4033,7,7
4034,6,0
4035,4,2
4036,4,4
4037,4,6
4038,4,8
4039,0,2
4040,4,1
4041,4,6
4042,4,4
4043,7,8
4044,7,7
4045,4,3
4046,2,9
4047,7,7
4048,7,5
4049,7,7
4050,2,3
4051,7,5
4052,0,6
4053,7,9
4054,3,3
4055,7,7
4056,7,5
4057,7,7
4058,6,6
4059,7,9
4060,7,8
4061,4,6
4062,4,1
4063,7,5
4064,0,2
4065,4,4
4066,4,4
4067,4,6
4068,7,5
4069,3,3
4070,2,8
4071,4,2
4072,0,0
4073,4,6
4074,8,1
4075,8,9
4076,4,2
4077,4,4
4078,7,9
4079,7,7
4080,0,0
4081,3,3
4082,8,1
4083,4,3
4084,7,7
4085,4,3
4086,7,7
4087,3,0
4088,7,7
4089,7,8
4090,0,0
4091,7,9
4092,0,6
4093,7,5
4094,3,3
4095,2,8
4096,2,3
4097,7,5
4098,7,7
4099,4,4
4100,0,2
4101,0,0
4102,7,5
4103,4,3
4104,8,1
4105,4,4
4106,8,5
4107,7,5
4108,6,0
4109,7,8
4110,4,6
4111,0,0
4112,3,8
4113,4,3
4114,7,5
4115,6,2
4116,4,1
4117,7,7
4118,0,6
4119,7,7
4120,7,5
4121,4,1
4122,7,9
4123,7,7
4124,7,5
4125,8,9
4126,9,8
4127,4,3
4128,4,1
4129,7,5
4130,7,5
4131,7,5
4132,5,9
4133,8,9
4134,7,7
4135,0,2
4136,7,7
4137,8,9
4138,7,5
4139,4,1
4140,4,1
4141,4,4
4142,0,2
4143,0,0
4144,2,3
4145,7,7
4146,7,7
4147,7,8
4148,4,6
4149,8,9
4150,0,0
4151,4,4
4152,4,1
4153,4,6
4154,7,9
4155,7,7
4156,7,8
4157,0,0
4158,7,9
4159,7,7
4160,7,9
4161,6,2
4162,7,9
4163,7,7
4164,4,1
4165,3,4
4166,4,3
4167,0,0
4168,4,6
4169,3,3
4170,7,7
4171,7,8
4172,7,7
4173,7,7
4174,4,6
4175,4,1
4176,7,7
4177,7,9
4178,7,8
4179,7,5
4180,9,8
4181,2,3
4182,0,2
4183,7,5
4184,7,8
4185,7,5
4186,7,9
4187,9,9
4188,4,0
4189,4,1
4190,4,1
4191,4,6
4192,0,0
4193,7,9
4194,6,0
4195,2,8
4196,5,5
4197,4,3
4198,4,1
4199,7,5
4200,4,1
4201,4,4
4202,4,4
4203,6,6
4204,4,1
4205,7,5
4206,0,3
4207,0,1
4208,0,6
4209,0,0
4210,7,8
4211,4,6
4212,4,4
4213,7,7
4214,4,6
4215,4,2
4216,0,2
4217,2,8
4218,7,5
4219,5,9
4220,4,6
4221,6,6
4222,6,0
4223,4,3
4224,4,6
4225,7,7
4226,4,3
4227,7,8
4228,8,4
4229,3,3
4230,2,3
4231,3,6
4232,0,8
4233,3,4
4234,8,1
4235,7,5
4236,4,2
4237,4,3
4238,0,0
4239,0,0
4240,4,1
4241,7,7
4242,7,9
4243,8,1
4244,4,6
4245,7,9
4246,4,4
4247,6,0
4248,4,3
4249,7,9
4250,8,4
4251,6,0
4252,4,6
4253,7,8
4254,0,0
4255,4,0
4256,7,7
4257,6,0
4258,6,2
4259,4,1
4260,4,4
4261,4,3
4262,2,3
4263,2,1
4264,4,4
4265,0,6
4266,2,3
4267,9,8
4268,6,4
4269,4,6
4270,3,4
4271,7,9
4272,7,5
4273,4,1
4274,7,5
4275,7,5
4276,8,9
4277,7,7
4278,7,9
4279,7,9
4280,7,9
4281,0,2
4282,4,3
4283,7,9
4284,7,7
4285,4,3
4286,4,4
4287,8,9
4288,4,4
4289,9,8
4290,6,6
4291,4,6
4292,4,4
4293,7,9
4294,7,9
4295,7,5
4296,8,3
4297,4,4
4298,7,5
4299,7,7
4300,4,1
4301,0,8
4302,7,8
4303,4,6
4304,4,4
4305,4,1
4306,3,6
4307,4,4
4308,0,2
4309,4,1
4310,4,1
4311,3,3
4312,7,7
4313,6,2
4314,7,7
4315,4,1
4316,0,6
4317,6,2
4318,7,7
4319,7,9
4320,0,0
4321,7,9
4322,7,9
4323,6,4
4324,4,1
4325,4,3
4326,0,2
4327,8,3
4328,4,4
4329,7,7
4330,7,8
4331,4,2
4332,7,7
4333,0,0
4334,0,2
4335,6,0
4336,4,6
4337,4,6
4338,4,3
4339,4,6
4340,4,4
4341,4,4
4342,7,7
4343,7,8
4344,4,9
4345,6,4
4346,7,8
4347,7,7
4348,4,6
4349,4,3
4350,2,8
4351,4,6
4352,7,5
4353,4,3
4354,4,1
4355,7,5
4356,4,6
4357,4,1
4358,2,3
4359,4,2
4360,0,0
4361,7,5
4362,7,9
4363,0,0
4364,0,0
4365,8,1
4366,3,3
4367,4,3
4368,7,8
4369,8,4
4370,7,5
4371,7,9
4372,4,6
4373,4,9
4374,4,4
4375,6,2
4376,4,1
4377,7,7
4378,9,8
4379,7,7
4380,4,4
4381,4,2
4382,4,0
4383,4,0
4384,6,4
4385,4,6
4386,7,9
4387,4,9
4388,0,6
4389,8,9
4390,7,7
4391,3,0
4392,4,4
4393,4,6
4394,0,2
4395,6,2
4396,0,2
4397,7,7
4398,0,2
4399,0,6
4400,2,3
4401,4,0
4402,6,6
4403,0,6
4404,4,3
4405,4,3
4406,6,6
4407,8,1
4408,3,3
4409,4,1
4410,7,5
4411,4,1
4412,7,9
4413,4,6
4414,3,2
4415,4,4
4416,4,4
4417,6,2
4418,7,8
4419,4,3
4420,4,4
4421,4,4
4422,8,8
4423,4,3
4424,4,3
4425,7,7
4426,7,7
4427,6,2
4428,7,5
4429,0,2
4430,4,5
4431,4,1
4432,4,6
4433,7,7
4434,4,1
4435,3,3
4436,4,4
4437,4,2
4438,2,8
4439,7,9
4440,7,5
4441,0,0
4442,7,8
4443,0,0
4444,4,3
4445,0,2
4446,2,8
4447,0,1
4448,4,1
4449,0,2
4450,8,5
4451,7,0
4452,4,6
4453,7,5
4454,2,3
4455,0,0
4456,7,9
4457,6,0
4458,8,5
4459,4,1
4460,7,7
4461,4,1
4462,7,5
4463,7,9
4464,7,8
4465,4,6
4466,0,0
4467,0,6
4468,7,9
4469,7,8
4470,2,8
4471,0,3
4472,8,3
4473,7,7
4474,3,0
4475,0,8
4476,4,3
4477,7,7
4478,4,3
4479,7,7
4480,7,9
4481,7,5
4482,6,0
4483,0,0
4484,4,1
4485,4,6
4486,7,9
4487,7,7
4488,8,9
4489,4,1
4490,0,2
4491,4,4
4492,7,5
4493,4,6
4494,7,5
4495,8,8
4496,8,8
4497,7,9
4498,6,2
4499,4,1
4500,4,3
4501,6,6
4502,0,0
4503,2,2
4504,7,8
4505,4,3
4506,7,8
4507,6,2
4508,7,9
4509,0,2
4510,2,2
4511,7,9
4512,7,7
4513,9,5
4514,6,2
4515,2,4
4516,4,1
4517,4,3
4518,0,2
4519,4,4
4520,0,0
4521,7,9
4522,4,0
4523,0,0
4524,7,7
4525,4,4
4526,7,8
4527,7,7
4528,4,6
4529,7,7
4530,7,8
4531,6,4
4532,8,2
4533,0,0
4534,4,6
4535,0,6
4536,3,6
4537,4,3
4538,7,8
4539,7,5
4540,7,8
4541,0,0
4542,9,0
4543,8,1
4544,7,5
4545,0,0
4546,8,1
4547,7,7
4548,9,8
4549,9,9
4550,0,2
4551,7,9
4552,0,0
4553,4,1
4554,7,5
4555,6,6
4556,0,2
4557,3,4
4558,4,0
4559,4,4
4560,7,7
4561,4,1
4562,7,7
4563,0,0
4564,7,8
4565,4,1
4566,4,1
4567,7,9
4568,7,7
4569,4,2
4570,7,9
4571,6,4
4572,4,6
4573,3,0
4574,7,9
4575,4,4
4576,4,1
4577,7,7
4578,4,1
4579,2,1
4580,7,7
4581,0,0
4582,2,1
4583,4,4
4584,6,4
4585,4,1
4586,4,1
4587,8,1
4588,7,5
4589,7,5
4590,7,9
4591,7,5
4592,7,5
4593,7,8
4594,7,7
4595,5,5
4596,4,1
4597,7,8
4598,0,6
4599,8,3
4600,7,9
4601,0,8
4602,3,4
4603,7,9
4604,7,9
4605,8,9
4606,3,4
4607,4,3
4608,0,0
4609,4,2
4610,7,7
4611,8,9
4612,0,0
4613,4,6
4614,4,1
4615,7,9
4616,4,4
4617,4,6
4618,4,1
4619,7,7
4620,4,1
4621,4,3
4622,7,7
4623,0,2
4624,7,7
4625,4,0
4626,7,5
4627,8,9
4628,3,2
4629,4,0
4630,4,6
4631,4,4
4632,7,5
4633,4,4
4634,4,2
4635,7,9
4636,9,8
4637,0,6
4638,4,3
4639,7,7
4640,7,8
4641,4,4
4642,4,1
4643,6,0
4644,3,4
4645,0,0
4646,7,9
4647,4,0
4648,7,5
4649,0,2
4650,7,8
4651,4,0
4652,8,1
4653,7,5
4654,0,8
4655,4,1
4656,4,1
4657,7,9
4658,0,2
4659,7,5
4660,4,3
4661,8,9
4662,7,9
4663,7,9
4664,4,4
4665,4,6
4666,6,4
4667,4,4
4668,7,8
4669,6,6
4670,4,0
4671,7,7
4672,4,4
4673,4,4
4674,7,5
4675,4,8
4676,7,7
4677,7,9
4678,4,8
4679,4,4
4680,4,0
4681,6,2
4682,7,9
4683,4,1
4684,8,9
4685,8,3
4686,4,1
4687,6,0
4688,5,9
4689,0,0
4690,4,3
4691,8,3
4692,3,4
4693,0,2
4694,7,7
4695,7,5
4696,3,3
4697,2,3
4698,4,1
4699,7,7
4700,4,4
4701,7,7
4702,9,8
4703,2,8
4704,0,0
4705,6,6
4706,7,5
4707,8,8
4708,7,8
4709,0,6
4710,7,8
4711,8,8
4712,7,5
4713,4,4
4714,0,0
4715,7,9
4716,7,5
4717,0,2
4718,7,5
4719,7,8
4720,4,4
4721,6,2
4722,7,7
4723,4,1
4724,4,1
4725,4,3
4726,4,1
4727,7,6
4728,0,0
4729,8,0
4730,7,8
4731,4,6
4732,4,1
4733,2,3
4734,7,8
4735,4,1
4736,4,4
4737,7,9
4738,4,0
4739,2,1
4740,7,8
4741,2,8
4742,0,0
4743,4,1
4744,8,3
4745,7,8
4746,4,4
4747,7,7
4748,0,0
4749,7,5
4750,4,1
4751,7,7
4752,4,4
4753,6,2
4754,4,3
4755,4,1
4756,0,2
4757,0,0
4758,0,6
4759,3,3
4760,7,5
4761,2,3
4762,7,7
4763,7,7
4764,5,8
4765,4,4
4766,3,0
4767,4,6
4768,7,5
4769,4,3
4770,7,9
4771,7,8
4772,7,7
4773,0,2
4774,0,0
4775,7,5
4776,4,1
4777,7,5
4778,7,7
4779,8,5
4780,7,7
4781,7,9
4782,8,5
4783,0,0
4784,7,5
4785,0,0
4786,7,9
4787,4,4
4788,8,1
4789,4,6
4790,6,4
4791,0,0
4792,4,1
4793,4,4
4794,4,4
4795,4,4
4796,0,0
4797,7,9
4798,4,2
4799,6,2
4800,8,9
4801,2,3
4802,4,4
4803,0,0
4804,4,2
4805,7,7
4806,7,7
4807,8,9
4808,2,8
4809,0,0
4810,4,1
4811,0,2
4812,9,8
4813,8,9
4814,7,8
4815,9,2
4816,4,4
4817,7,8
4818,0,2
4819,2,1
4820,8,9
4821,4,1
4822,7,9
4823,4,1
4824,0,8
4825,4,1
4826,4,1
4827,4,4
4828,2,2
4829,4,2
4830,4,2
4831,7,9
4832,4,4
4833,8,6
4834,6,2
4835,4,1
4836,7,7
4837,4,1
4838,0,0
4839,7,9
4840,0,0
4841,4,3
4842,7,7
4843,6,4
4844,0,6
4845,0,0
4846,6,4
4847,0,0
4848,6,3
4849,8,9
4850,4,3
4851,8,9
4852,0,0
4853,4,1
4854,7,7
4855,7,8
4856,7,7
4857,7,8
4858,0,6
4859,0,6
4860,4,1
4861,4,1
4862,4,4
4863,7,7
4864,4,4
4865,4,3
4866,4,3
4867,8,1
4868,7,5
4869,2,3
4870,4,2
4871,7,9
4872,7,9
4873,8,3
4874,4,2
4875,6,4
4876,4,4
4877,7,9
4878,9,8
4879,2,2
4880,0,8
4881,0,2
4882,2,8
4883,7,9
4884,6,6
4885,4,0
4886,4,2
4887,0,6
4888,8,9
4889,4,3
4890,7,9
4891,4,8
4892,3,4
4893,4,0
4894,6,2
4895,3,2
4896,8,9
4897,0,6
4898,7,7
4899,6,2
4900,0,4
4901,8,1
4902,6,2
4903,7,5
4904,0,2
4905,8,9
4906,7,5
4907,4,0
4908,7,5
4909,9,8
4910,0,8
4911,0,0
4912,2,4
4913,7,7
4914,4,4
4915,7,5
4916,4,1
4917,8,9
4918,4,1
4919,4,6
4920,7,9
4921,4,3
4922,4,1
4923,7,9
4924,3,0
4925,7,9
4926,4,2
4927,6,4
4928,7,7
4929,7,7
4930,2,1
4931,0,0
4932,7,5
4933,4,2
4934,3,4
4935,4,2
4936,0,0
4937,7,7
4938,4,2
4939,4,6
4940,2,8
4941,0,0
4942,7,5
4943,7,9
4944,4,1
4945,0,2
4946,4,1
4947,4,3
4948,0,2
4949,3,4
4950,9,9
4951,0,2
4952,4,3
4953,7,5
4954,7,5
4955,3,6
4956,5,5
4957,0,0
4958,4,4
4959,0,2
4960,4,3
4961,6,0
4962,4,6
4963,6,6
4964,6,0
4965,5,8
4966,6,2
4967,6,2
4968,7,0
4969,6,6
4970,4,6
4971,4,2
4972,4,3
4973,9,8
4974,4,6
4975,0,2
4976,4,6
4977,8,5
4978,4,4
4979,4,4
4980,0,0
4981,7,7
4982,6,0
4983,4,6
4984,2,8
4985,7,7
4986,0,2
4987,0,2
4988,0,2
4989,4,6
4990,0,2
4991,4,4
4992,7,7
4993,7,7
4994,4,3
4995,4,4
4996,8,9
4997,0,2
4998,4,6
4999,7,9
5000,4,1
5001,0,2
5002,4,4
5003,4,1
5004,7,9
5005,0,2
5006,7,5
5007,0,0
5008,7,9
5009,4,3
5010,0,0
5011,9,8
5012,4,3
5013,0,0
5014,4,0
5015,7,7
5016,4,6
5017,7,9
5018,4,2
5019,9,5
5020,7,7
5021,2,8
5022,0,0
5023,7,7
5024,3,2
5025,7,5
5026,9,8
5027,0,2
5028,2,3
5029,4,6
5030,4,4
5031,7,9
5032,9,8
5033,7,7
5034,0,0
5035,2,4
5036,7,5
5037,7,9
5038,0,8
5039,6,2
5040,7,5
5041,7,8
5042,4,0
5043,7,9
5044,0,0
5045,0,0
5046,7,8
5047,4,3
5048,4,4
5049,4,4
5050,0,2
5051,4,3
5052,7,7
5053,7,5
5054,7,7
5055,2,6
5056,7,5
5057,7,9
5058,4,6
5059,4,1
5060,4,1
5061,7,9
5062,7,7
5063,4,4
5064,7,7
5065,4,2
5066,4,1
5067,4,2
5068,7,5
5069,7,9
5070,0,6
5071,0,2
5072,4,6
5073,7,8
5074,7,7
5075,7,5
5076,7,2
5077,4,6
5078,7,5
5079,0,2
5080,4,4
5081,7,5
5082,4,4
5083,4,4
5084,4,8
5085,0,0
5086,0,6
5087,4,2
5088,4,1
5089,7,7
5090,0,6
5091,4,4
5092,7,7
5093,9,8
5094,6,2
5095,4,1
5096,3,4
5097,3,4
5098,7,7
5099,3,3
5100,4,5
5101,7,5
5102,7,7
5103,6,4
5104,2,1
5105,6,0
5106,6,2
5107,4,4
5108,8,9
5109,0,6
5110,3,1
5111,4,1
5112,7,7
5113,4,4
5114,2,8
5115,4,2
5116,0,2
5117,8,5
5118,4,8
5119,4,3
5120,0,6
5121,0,6
5122,4,1
5123,4,2
5124,7,5
5125,7,5
5126,4,4
5127,0,2
5128,4,6
5129,0,0
5130,8,3
5131,4,1
5132,2,3
5133,4,3
5134,7,7
5135,3,6
5136,7,7
5137,7,7
5138,8,9
5139,4,4
5140,4,3
5141,7,7
5142,0,2
5143,4,3
5144,9,9
5145,0,0
5146,4,1
5147,4,6
5148,2,3
5149,0,0
5150,4,4
5151,7,9
5152,0,2
5153,7,7
5154,4,1
5155,4,6
5156,0,6
5157,7,8
5158,4,4
5159,4,4
5160,4,6
5161,6,2
5162,3,4
5163,7,8
5164,7,7
5165,8,8
5166,7,7
5167,2,4
5168,0,2
5169,4,4
5170,2,8
5171,7,5
5172,4,6
5173,7,5
5174,3,0
5175,0,2
5176,4,3
5177,3,3
5178,7,5
5179,0,6
5180,0,0
5181,4,1
5182,4,3
5183,4,3
5184,4,6
5185,8,4
5186,2,3
5187,4,6
5188,7,5
5189,4,6
5190,9,9
5191,2,8
5192,7,5
5193,4,6
5194,4,8
5195,8,9
5196,7,7
5197,0,6
5198,7,5
5199,4,3
5200,7,7
5201,0,8
5202,4,1
5203,4,0
5204,7,5
5205,4,3
5206,7,9
5207,8,1
5208,4,6
5209,4,3
5210,8,9
5211,4,0
5212,4,0
5213,4,4
5214,7,8
5215,7,5
5216,7,7
5217,2,4
5218,8,5
5219,7,8
5220,0,2
5221,6,6
5222,4,2
5223,4,6
5224,7,6
5225,6,2
5226,4,6
5227,7,7
5228,7,5
5229,2,1
5230,7,5
5231,4,4
5232,0,3
5233,4,4
5234,3,4
5235,2,4
5236,3,4
5237,2,3
5238,7,7
5239,3,3
5240,4,1
5241,7,5
5242,7,5
5243,7,5
5244,7,7
5245,2,3
5246,2,8
5247,3,0
5248,4,6
5249,7,9
5250,6,6
5251,7,7
5252,8,8
5253,0,0
5254,4,2
5255,6,6
5256,7,8
5257,4,4
5258,4,6
5259,7,7
5260,4,4
5261,0,0
5262,4,4
5263,6,0
5264,4,8
5265,4,6
5266,4,4
5267,7,7
5268,4,2
5269,3,3
5270,7,8
5271,7,7
5272,7,5
5273,3,3
5274,0,0
5275,5,9
5276,5,9
5277,6,2
5278,0,8
5279,7,5
5280,8,9
5281,4,1
5282,7,5
5283,4,3
5284,4,3
5285,4,1
5286,0,2
5287,4,1
5288,4,1
5289,8,9
5290,7,8
5291,4,3
5292,7,8
5293,7,5
5294,7,7
5295,7,7
5296,4,1
5297,7,7
5298,3,1
5299,7,7
5300,7,7
5301,4,3
5302,6,6
5303,7,8
5304,7,5
5305,7,5
5306,4,6
5307,7,5
5308,9,8
5309,6,0
5310,7,9
5311,3,4
5312,9,8
5313,8,8
5314,4,2
5315,4,1
5316,0,2
5317,7,8
5318,6,2
5319,4,3
5320,7,9
5321,9,9
5322,6,2
5323,7,7
5324,4,1
5325,4,3
5326,6,2
5327,7,7
5328,4,3
5329,0,0
5330,0,0
5331,2,3
5332,4,3
5333,4,4
5334,2,8
5335,2,5
5336,7,5
5337,4,0
5338,0,0
5339,8,8
5340,2,8
5341,6,0
5342,4,6
5343,7,7
5344,4,2
5345,0,2
5346,3,0
5347,4,1
5348,0,2
5349,0,0
5350,4,3
5351,6,6
5352,4,1
5353,4,1
5354,4,8
5355,0,2
5356,4,1
5357,4,3
5358,4,6
5359,4,1
5360,7,7
5361,7,7
5362,8,1
5363,7,7
5364,8,3
5365,0,6
5366,0,2
5367,8,4
5368,7,8
5369,6,1
5370,7,7
5371,7,5
5372,6,1
5373,7,9
5374,8,3
5375,7,5
5376,8,9
5377,6,0
5378,4,6
5379,7,5
5380,0,8
5381,7,5
5382,7,7
5383,0,0
5384,4,0
5385,3,4
5386,6,6
5387,5,5
5388,3,4
5389,2,8
5390,6,2
5391,6,2
5392,7,5
5393,7,8
5394,4,3
5395,7,9
5396,4,4
5397,4,4
5398,7,9
5399,7,5
5400,7,7
5401,4,1
5402,7,5
5403,7,7
5404,7,7
5405,4,4
5406,2,3
5407,5,9
5408,7,5
5409,3,6
5410,4,1
5411,7,7
5412,8,9
5413,6,2
5414,4,8
5415,7,9
5416,4,4
5417,2,3
5418,3,2
5419,4,6
5420,7,8
5421,6,6
5422,4,3
5423,9,8
5424,4,4
5425,7,7
5426,4,4
5427,4,6
5428,4,4
5429,6,2
5430,2,8
5431,2,8
5432,7,9
5433,7,5
5434,4,1
5435,7,9
5436,7,8
5437,8,5
5438,6,6
5439,4,3
5440,7,7
5441,7,5
5442,0,0
5443,4,3
5444,7,5
5445,7,5
5446,4,0
5447,7,7
5448,7,5
5449,4,6
5450,7,8
5451,4,3
5452,6,2
5453,7,8
5454,5,5
5455,5,9
5456,4,1
5457,4,1
5458,7,8
5459,6,0
5460,7,7
5461,4,3
5462,7,9
5463,7,9
5464,7,7
5465,8,9
5466,4,1
5467,4,1
5468,4,3
5469,0,0
5470,7,5
5471,8,5
5472,4,5
5473,7,9
5474,4,2
5475,2,8
5476,9,7
5477,7,8
5478,9,1
5479,7,9
5480,4,0
5481,3,6
5482,7,7
5483,9,9
5484,0,6
5485,7,7
5486,8,1
5487,6,3
5488,4,8
5489,7,8
5490,6,2
5491,4,0
5492,7,5
5493,7,7
5494,4,3
5495,7,5
5496,7,5
5497,4,3
5498,0,2
5499,4,4
5500,3,4
5501,4,1
5502,0,2
5503,4,4
5504,4,3
5505,4,1
5506,4,6
5507,7,8
5508,4,6
5509,4,1
5510,7,7
5511,4,4
5512,2,2
5513,4,6
5514,4,1
5515,4,2
5516,4,1
5517,7,7
5518,7,7
5519,4,3
5520,7,9
5521,4,3
5522,7,5
5523,2,8
5524,2,3
5525,7,5
5526,8,5
5527,4,6
5528,4,6
5529,7,7
5530,4,9
5531,7,7
5532,6,3
5533,8,1
5534,4,4
5535,4,6
5536,4,2
5537,4,4
5538,6,6
5539,4,0
5540,7,7
5541,6,8
5542,7,5
5543,6,4
5544,4,3
5545,9,8
5546,7,7
5547,7,8
5548,6,0
5549,2,3
5550,4,3
5551,8,8
5552,4,3
5553,0,6
5554,4,4
5555,7,7
5556,7,9
5557,0,0
5558,4,6
5559,4,2
5560,0,0
5561,0,2
5562,7,5
5563,4,1
5564,7,9
5565,4,6
5566,7,5
5567,7,7
5568,4,3
5569,4,6
5570,7,9
5571,4,3
5572,0,2
5573,4,0
5574,7,7
5575,0,0
5576,7,5
5577,0,6
5578,7,7
5579,7,7
5580,7,7
5581,4,3
5582,4,4
5583,0,8
5584,4,3
5585,7,9
5586,9,8
5587,0,2
5588,7,9
5589,7,8
5590,2,9
5591,0,6
5592,2,8
5593,7,7
5594,4,8
5595,7,5
5596,4,0
5597,4,1
5598,7,9
5599,4,0
5600,4,4
5601,4,4
5602,7,7
5603,4,4
5604,6,2
5605,4,0
5606,7,9
5607,4,1
5608,4,3
5609,0,0
5610,7,8
5611,7,7
5612,9,8
5613,2,3
5614,7,7
5615,2,1
5616,7,7
5617,7,7
5618,2,1
5619,0,6
5620,7,5
5621,4,4
5622,7,9
5623,4,8
5624,4,4
5625,4,4
5626,6,6
5627,7,7
5628,4,6
5629,4,3
5630,4,3
5631,8,5
5632,3,4
5633,9,8
5634,8,9
5635,0,6
5636,4,3
5637,7,7
5638,4,4
5639,7,7
5640,4,6
5641,4,1
5642,6,3
5643,4,4
5644,4,2
5645,7,8
5646,8,9
5647,4,0
5648,4,3
5649,7,9
5650,7,5
5651,7,5
5652,7,7
5653,4,4
5654,2,8
5655,4,1
5656,2,8
5657,7,7
5658,7,8
5659,5,9
5660,4,1
5661,4,0
5662,4,0
5663,0,0
5664,4,4
5665,7,9
5666,4,4
5667,7,5
5668,8,5
5669,4,6
5670,8,1
5671,4,1
5672,4,1
5673,4,4
5674,4,4
5675,2,3
5676,4,6
5677,4,1
5678,7,9
5679,4,4
5680,6,4
5681,4,2
5682,7,7
5683,9,1
5684,4,1
5685,4,2
5686,4,2
5687,7,9
5688,9,8
5689,6,2
5690,4,1
5691,4,2
5692,0,0
5693,4,4
5694,8,1
5695,7,7
5696,4,3
5697,4,4
5698,7,7
5699,4,3
5700,0,0
5701,0,0
5702,4,3
5703,4,1
5704,7,9
5705,4,6
5706,7,9
5707,4,3
5708,4,4
5709,7,7
5710,7,5
5711,7,9
5712,0,6
5713,7,9
5714,4,3
5715,4,4
5716,7,5
5717,4,4
5718,8,1
5719,3,4
5720,4,1
5721,7,5
5722,7,5
5723,0,8
5724,7,9
5725,6,3
5726,0,6
5727,2,9
5728,7,9
5729,4,5
5730,9,8
5731,7,8
5732,4,4
5733,4,4
5734,0,2
5735,4,4
5736,6,2
5737,7,7
5738,4,2
5739,0,2
5740,4,4
5741,6,8
5742,7,7
5743,0,6
5744,4,2
5745,3,3
5746,0,0
5747,7,5
5748,7,7
5749,8,0
5750,0,0
5751,3,4
5752,6,0
5753,4,4
5754,7,8
5755,7,8
5756,7,9
5757,7,7
5758,7,7
5759,7,7
5760,7,9
5761,7,5
5762,4,6
5763,3,3
5764,7,7
5765,2,8
5766,0,2
5767,9,8
5768,2,8
5769,4,2
5770,2,1
5771,6,6
5772,7,7
5773,4,3
5774,6,6
5775,7,7
5776,4,6
5777,4,6
5778,4,4
5779,7,9
5780,8,9
5781,9,5
5782,7,9
5783,7,7
5784,6,2
5785,0,0
5786,0,6
5787,6,0
5788,4,0
5789,0,6
5790,0,2
5791,4,1
5792,4,6
5793,7,9
5794,4,4
5795,4,4
5796,7,7
5797,4,1
5798,8,1
5799,4,6
5800,4,4
5801,7,7
5802,7,9
5803,4,6
5804,4,1
5805,0,6
5806,7,9
5807,4,2
5808,7,8
5809,7,9
5810,7,9
5811,4,0
5812,4,2
5813,7,5
5814,4,4
5815,0,8
5816,4,4
5817,4,3
5818,8,5
5819,7,7
5820,4,6
5821,7,9
5822,6,4
5823,0,2
5824,7,5
5825,2,5
5826,0,0
5827,8,9
5828,7,5
5829,7,9
5830,4,4
5831,7,8
5832,4,1
5833,7,7
5834,4,1
5835,4,0
5836,4,2
5837,7,9
5838,4,3
5839,4,6
5840,0,0
5841,4,6
5842,0,2
5843,4,6
5844,7,9
5845,7,9
5846,4,6
5847,4,1
5848,7,7
5849,0,1
5850,0,2
5851,6,4
5852,4,4
5853,8,3
5854,7,7
5855,0,8
5856,7,7
5857,8,5
5858,7,7
5859,4,6
5860,4,4
5861,3,4
5862,4,4
5863,0,0
5864,0,2
5865,4,8
5866,8,1
5867,2,3
5868,4,1
5869,4,6
5870,7,9
5871,8,3
5872,7,7
5873,7,5
5874,4,6
5875,7,5
5876,0,2
5877,2,4
5878,4,4
5879,7,8
5880,2,8
5881,4,4
5882,0,0
5883,2,3
5884,4,1
5885,4,1
5886,0,1
5887,6,0
5888,7,5
5889,7,5
5890,4,6
5891,7,7
5892,7,9
5893,4,6
5894,7,9
5895,3,3
5896,4,1
5897,8,9
5898,2,1
5899,4,3
5900,2,3
5901,4,4
5902,4,6
5903,7,9
5904,7,7
5905,7,8
5906,7,8
5907,9,1
5908,4,6
5909,8,1
5910,4,4
5911,4,0
5912,0,3
5913,0,2
5914,7,7
5915,8,3
5916,5,9
5917,4,6
5918,7,7
5919,7,9
5920,4,4
5921,0,0
5922,7,7
5923,7,5
5924,4,3
5925,0,2
5926,0,0
5927,4,6
5928,0,0
5929,6,0
5930,6,6
5931,4,1
5932,4,1
5933,8,9
5934,2,3
5935,6,2
5936,0,0
5937,7,5
5938,3,3
5939,7,5
5940,7,7
5941,7,8
5942,4,6
5943,6,6
5944,0,0
5945,4,4
5946,0,2
5947,6,2
5948,4,3
5949,2,2
5950,0,0
5951,4,6
5952,7,5
5953,4,1
5954,4,3
5955,4,6
5956,8,9
5957,0,2
5958,0,2
5959,4,4
5960,4,6
5961,4,4
5962,4,1
5963,4,3
5964,3,0
5965,4,6
5966,7,9
5967,4,3
5968,7,7
5969,0,6
5970,2,1
5971,7,7
5972,2,1
5973,4,2
5974,7,7
5975,3,4
5976,4,2
5977,4,1
5978,7,7
5979,7,8
5980,4,6
5981,8,9
5982,8,9
5983,4,1
5984,0,2
5985,7,9
5986,8,1
5987,7,5
5988,5,5
5989,4,6
5990,4,0
5991,7,7
5992,0,2
5993,2,8
5994,8,5
5995,7,9
5996,2,0
5997,4,3
5998,7,7
5999,8,1
6000,7,9
6001,7,8
6002,0,2
6003,7,8
6004,4,4
6005,7,9
6006,4,0
6007,6,3
6008,3,4
6009,4,4
6010,4,3
6011,2,3
6012,4,0
6013,7,7
6014,7,7
6015,4,3
6016,4,4
6017,0,6
6018,7,7
6019,4,1
6020,2,3
6021,7,7
6022,2,8
6023,7,9
6024,4,2
6025,7,5
6026,4,1
6027,4,6
6028,4,8
6029,4,1
6030,2,8
6031,7,9
6032,7,8
6033,4,2
6034,4,6
6035,7,9
6036,6,2
6037,0,0
6038,0,0
6039,7,7
6040,7,9
6041,4,4
6042,4,1
6043,3,4
6044,4,3
6045,4,1
6046,3,4
6047,7,8
6048,7,8
6049,7,7
6050,6,6
6051,0,2
6052,7,5
6053,2,9
6054,6,0
6055,7,8
6056,7,7
6057,4,8
6058,4,6
6059,2,3
6060,0,2
6061,2,3
6062,0,0
6063,8,1
6064,7,8
6065,4,1
6066,7,5
6067,2,3
6068,7,7
6069,3,1
6070,2,8
6071,6,6
6072,7,7
6073,7,5
6074,9,3
6075,6,4
6076,0,0
6077,7,8
6078,3,6
6079,3,3
6080,7,7
6081,7,9
6082,4,4
6083,7,9
6084,7,9
6085,0,0
6086,3,6
6087,3,3
6088,4,3
6089,4,1
6090,7,5
6091,9,5
6092,2,3
6093,2,8
6094,0,0
6095,4,6
6096,7,5
6097,0,8
6098,4,1
6099,2,1
6100,4,2
6101,4,3
6102,7,7
6103,4,2
6104,6,0
6105,4,6
6106,4,3
6107,4,2
6108,7,5
6109,8,9
6110,4,2
6111,4,4
6112,7,9
6113,7,7
6114,3,2
6115,4,1
6116,4,1
6117,0,2
6118,7,7
6119,7,7
6120,4,4
6121,7,8
6122,4,6
6123,7,7
6124,7,7
6125,4,6
6126,8,8
6127,4,1
6128,4,3
6129,0,2
6130,3,3
6131,4,1
6132,6,2
6133,4,2
6134,4,2
6135,6,2
6136,7,7
6137,7,5
6138,8,8
6139,0,6
6140,4,1
6141,4,3
6142,0,0
6143,7,9
6144,6,0
6145,7,9
6146,7,7
6147,0,6
6148,7,9
6149,0,0
6150,2,8
6151,0,8
6152,7,5
6153,4,6
6154,4,1
6155,4,3
6156,7,5
6157,7,9
6158,3,3
6159,0,0
6160,4,8
6161,6,2
6162,8,5
6163,6,0
6164,7,5
6165,0,0
6166,4,1
6167,4,3
6168,7,7
6169,0,2
6170,4,1
6171,7,9
6172,0,0
6173,8,9
6174,2,3
6175,4,6
6176,4,1
6177,7,5
6178,7,9
6179,4,4
6180,4,2
6181,7,9
6182,0,3
6183,6,4
6184,7,7
6185,4,6
6186,7,7
6187,4,6
6188,4,3
6189,4,1
6190,4,6
6191,7,5
6192,6,0
6193,4,2
6194,0,2
6195,4,3
6196,0,8
6197,6,1
6198,7,7
6199,7,7
6200,7,7
6201,8,9
6202,4,3
6203,4,4
6204,0,8
6205,7,5
6206,2,8
6207,4,1
6208,0,2
6209,4,3
6210,4,1
6211,4,2
6212,0,2
6213,7,7
6214,0,0
6215,4,3
6216,7,5
6217,7,5
6218,7,5
6219,4,1
6220,7,7
6221,4,6
6222,4,2
6223,2,1
6224,7,9
6225,4,6
6226,4,1
6227,7,5
6228,5,9
6229,6,2
6230,7,7
6231,2,8
6232,4,6
6233,4,1
6234,7,9
6235,7,9
6236,4,6
6237,7,8
6238,4,2
6239,7,5
6240,4,3
6241,7,8
6242,6,2
6243,4,6
6244,7,9
6245,8,1
6246,4,3
6247,7,5
6248,4,4
6249,4,1
6250,7,8
6251,7,5
6252,4,4
6253,7,8
6254,7,7
6255,4,4
6256,6,4
6257,4,0
6258,4,3
6259,0,0
6260,0,6
6261,7,5
6262,4,4
6263,7,5
6264,4,4
6265,0,6
6266,2,8
6267,7,5
6268,6,6
6269,7,7
6270,7,7
6271,4,3
6272,6,0
6273,7,9
6274,7,8
6275,4,1
6276,7,7
6277,0,0
6278,8,5
6279,0,0
6280,7,8
6281,4,1
6282,4,4
6283,4,2
6284,9,5
6285,8,9
6286,4,4
6287,6,2
6288,4,4
6289,7,5
6290,4,1
6291,6,4
6292,7,5
6293,4,1
6294,4,4
6295,6,4
6296,4,4
6297,4,1
6298,7,5
6299,4,6
6300,4,6
6301,7,9
6302,4,2
6303,2,3
6304,7,9
6305,7,9
6306,6,0
6307,8,9
6308,2,8
6309,7,7
6310,7,8
6311,4,1
6312,9,3
6313,7,9
6314,7,9
6315,3,4
6316,4,1
6317,4,4
6318,7,8
6319,4,3
6320,0,0
6321,4,3
6322,4,8
6323,4,3
6324,3,4
6325,0,2
6326,7,7
6327,7,8
6328,7,8
6329,7,7
6330,7,9
6331,9,8
6332,9,8
6333,8,3
6334,0,0
6335,2,4
6336,7,9
6337,7,7
6338,7,8
6339,4,1
6340,4,1
6341,3,6
6342,4,4
6343,6,6
6344,9,5
6345,4,3
6346,7,7
6347,4,1
6348,7,5
6349,0,2
6350,8,1
6351,4,3
6352,0,2
6353,0,6
6354,9,9
6355,4,1
6356,2,3
6357,0,0
6358,4,6
6359,7,8
6360,7,5
6361,4,0
6362,0,0
6363,4,6
6364,7,7
6365,7,8
6366,9,8
6367,0,4
6368,3,3
6369,7,7
6370,0,0
6371,7,5
6372,4,3
6373,0,0
6374,7,5
6375,6,2
6376,0,2
6377,7,9
6378,7,5
6379,4,1
6380,8,5
6381,6,4
6382,7,5
6383,7,5
6384,4,4
6385,7,5
6386,0,6
6387,2,3
6388,4,1
6389,6,6
6390,4,2
6391,7,5
6392,0,2
6393,3,6
6394,4,0
6395,6,0
6396,4,3
6397,4,3
6398,0,2
6399,7,8
6400,4,6
6401,4,1
6402,7,5
6403,2,8
6404,0,0
6405,7,8
6406,7,8
6407,7,7
6408,7,9
6409,2,3
6410,2,3
6411,7,5
6412,8,9
6413,7,7
6414,6,2
6415,7,9
6416,7,9
6417,7,9
6418,4,4
6419,4,3
6420,4,1
6421,4,3
6422,7,5
6423,0,2
6424,2,8
6425,4,6
6426,6,8
6427,7,7
6428,4,6
6429,6,4
6430,0,6
6431,4,1
6432,7,5
6433,0,8
6434,4,4
6435,4,3
6436,4,3
6437,0,0
6438,7,7
6439,0,6
6440,3,3
6441,4,1
6442,2,2
6443,4,3
6444,4,3
6445,7,7
6446,2,3
6447,2,8
6448,7,6
6449,4,6
6450,0,6
6451,4,1
6452,0,6
6453,6,6
6454,4,4
6455,4,3
6456,7,9
6457,4,3
6458,7,7
6459,7,5
6460,2,3
6461,4,6
6462,8,9
6463,4,6
6464,2,9
6465,4,4
6466,7,9
6467,6,2
6468,4,3
6469,7,5
6470,9,8
6471,4,6
6472,8,1
6473,4,0
6474,4,2
6475,8,9
6476,3,2
6477,0,8
6478,9,8
6479,3,2
6480,0,8
6481,6,0
6482,4,1
6483,4,1
6484,7,9
6485,0,6
6486,7,5
6487,4,3
6488,4,3
6489,4,8
6490,4,3
6491,3,2
6492,4,4
6493,4,8
6494,8,9
6495,4,4
6496,4,1
6497,0,0
6498,0,0
6499,4,1
6500,6,2
6501,2,3
6502,4,3
6503,4,4
6504,4,0
6505,4,4
6506,7,7
6507,4,1
6508,2,1
6509,3,3
6510,7,5
6511,4,3
6512,8,3
6513,7,5
6514,6,6
6515,0,2
6516,7,9
6517,6,5
6518,7,7
6519,0,2
6520,7,8
6521,8,8
6522,8,5
6523,4,1
6524,4,6
6525,4,1
6526,0,0
6527,8,8
6528,7,7
6529,0,2
6530,4,8
6531,6,0
6532,9,8
6533,2,4
6534,7,5
6535,7,5
6536,4,6
6537,4,2
6538,7,5
6539,4,4
6540,7,9
6541,7,0
6542,7,5
6543,0,2
6544,7,7
6545,8,9
6546,7,9
6547,4,2
6548,4,3
6549,8,1
6550,7,7
6551,6,6
6552,7,5
6553,7,7
6554,4,1
6555,7,5
6556,4,8
6557,8,8
6558,2,1
6559,4,4
6560,0,6
6561,4,4
6562,7,9
6563,4,1
6564,4,1
6565,7,8
6566,9,3
6567,4,6
6568,4,1
6569,2,6
6570,6,3
6571,4,3
6572,4,0
6573,4,2
6574,3,3
6575,3,3
6576,4,4
6577,4,2
6578,0,0
6579,0,2
6580,7,9
6581,7,8
6582,7,5
6583,4,4
6584,7,7
6585,4,2
6586,4,1
6587,8,9
6588,7,7
6589,0,0
6590,7,5
6591,4,2
6592,7,5
6593,4,2
6594,7,7
6595,0,0
6596,4,1
6597,0,0
6598,0,0
6599,7,7
6600,0,6
6601,4,4
6602,7,8
6603,4,3
6604,2,3
6605,7,8
6606,2,3
6607,4,3
6608,4,2
6609,0,0
6610,0,2
6611,7,8
6612,4,1
6613,0,2
6614,4,6
6615,0,2
6616,3,2
6617,4,0
6618,4,2
6619,7,5
6620,2,8
6621,9,8
6622,4,3
6623,4,6
6624,7,8
6625,7,5
6626,0,0
6627,0,0
6628,4,4
6629,6,0
6630,7,7
6631,4,4
6632,7,9
6633,7,0
6634,4,2
6635,3,0
6636,4,2
6637,4,1
6638,0,6
6639,4,4
6640,7,7
6641,8,2
6642,9,3
6643,7,7
6644,4,1
6645,4,2
6646,6,2
6647,7,9
6648,4,1
6649,4,0
6650,8,9
6651,4,4
6652,4,6
6653,7,5
6654,0,2
6655,0,0
6656,6,2
6657,4,1
6658,4,4
6659,4,1
6660,4,2
6661,0,3
6662,4,3
6663,0,0
6664,7,7
6665,6,0
6666,7,7
6667,7,8
6668,0,0
6669,0,2
6670,7,7
6671,7,5
6672,0,0
6673,3,4
6674,0,2
6675,2,3
6676,4,4
6677,2,2
6678,7,9
6679,7,7
6680,4,6
6681,7,5
6682,4,1
6683,8,1
6684,0,2
6685,7,9
6686,0,4
6687,7,5
6688,7,8
6689,0,2
6690,7,7
6691,2,3
6692,7,9
6693,8,1
6694,4,1
6695,2,3
6696,0,0
6697,4,3
6698,4,3
6699,0,8
6700,7,7
6701,4,1
6702,7,5
6703,7,5
6704,4,3
6705,4,3
6706,7,7
6707,6,6
6708,4,2
6709,4,3
6710,7,5
6711,4,1
6712,0,0
6713,7,7
6714,4,4
6715,7,5
6716,4,2
6717,4,3
6718,8,1
6719,0,0
6720,7,7
6721,6,2
6722,4,4
6723,4,3
6724,7,9
6725,8,1
6726,4,4
6727,7,7
6728,7,5
6729,6,2
6730,4,2
6731,2,3
6732,6,0
6733,6,6
6734,4,1
6735,2,8
6736,7,5
6737,0,3
6738,7,5
6739,3,3
6740,6,6
6741,8,8
6742,7,7
6743,4,6
6744,7,7
6745,2,9
6746,2,1
6747,9,8
6748,8,3
6749,4,1
6750,7,9
6751,4,1
6752,4,2
6753,4,6
6754,4,3
6755,4,3
6756,6,6
6757,7,5
6758,4,4
6759,4,2
6760,7,5
6761,8,1
6762,0,2
6763,7,7
6764,8,1
6765,7,5
6766,2,1
6767,7,5
6768,0,2
6769,4,3
6770,8,3
6771,4,3
6772,7,5
6773,0,0
6774,4,2
6775,8,1
6776,8,5
6777,7,0
6778,6,2
6779,4,1
6780,7,5
6781,8,4
6782,7,7
6783,4,3
6784,4,3
6785,4,2
6786,7,5
6787,7,7
6788,0,2
6789,2,8
6790,7,7
6791,7,9
6792,4,1
6793,7,5
6794,6,6
6795,4,4
6796,9,8
6797,0,2
6798,4,3
6799,0,2
6800,7,7
6801,7,9
6802,0,4
6803,7,5
6804,9,8
6805,4,2
6806,4,1
6807,4,1
6808,8,9
6809,7,9
6810,0,6
6811,4,4
6812,2,9
6813,2,8
6814,7,5
6815,4,3
6816,3,4
6817,2,9
6818,7,8
6819,3,0
6820,4,4
6821,6,4
6822,6,6
6823,2,8
6824,4,4
6825,3,6
6826,0,0
6827,4,6
6828,7,7
6829,7,9
6830,4,6
6831,3,3
6832,7,9
6833,4,6
6834,4,2
6835,7,7
6836,4,4
6837,6,6
6838,7,5
6839,0,2
6840,9,8
6841,7,7
6842,7,7
6843,4,6
6844,7,5
6845,4,2
6846,4,6
6847,2,2
6848,7,9
6849,4,4
6850,0,2
6851,8,8
6852,0,2
6853,0,2
6854,4,4
6855,6,0
6856,8,8
6857,4,1
6858,8,9
6859,6,6
6860,6,0
6861,4,3
6862,7,9
6863,7,7
6864,5,8
6865,4,1
6866,7,5
6867,3,3
6868,4,1
6869,4,4
6870,6,2
6871,4,1
6872,0,2
6873,4,4
6874,7,5
6875,6,0
6876,2,8
6877,8,9
6878,7,8
6879,7,7
6880,4,6
6881,5,5
6882,7,5
6883,4,6
6884,4,2
6885,7,9
6886,6,0
6887,4,3
6888,4,3
6889,2,8
6890,7,7
6891,7,7
6892,0,0
6893,0,0
6894,0,4
6895,4,1
6896,4,6
6897,2,0
6898,0,6
6899,6,2
6900,4,3
6901,7,7
6902,7,7
6903,5,9
6904,4,1
6905,4,4
6906,7,5
6907,4,6
6908,7,5
6909,8,5
6910,3,4
6911,7,9
6912,0,6
6913,3,1
6914,7,7
6915,4,8
6916,7,7
6917,2,1
6918,3,2
6919,7,7
6920,4,3
6921,4,4
6922,7,9
6923,0,0
6924,3,4
6925,0,6
6926,7,5
6927,4,6
6928,9,8
6929,4,1
6930,0,0
6931,2,8
6932,4,2
6933,4,1
6934,7,8
6935,4,2
6936,7,5
6937,4,2
6938,6,2
6939,7,7
6940,4,8
6941,9,5
6942,4,3
6943,7,5
6944,4,3
6945,4,3
6946,3,4
6947,0,6
6948,4,4
6949,7,9
6950,0,2
6951,4,3
6952,7,9
6953,4,3
6954,7,9
6955,4,1
6956,4,3
6957,0,0
6958,4,6
6959,7,9
6960,7,5
6961,6,2
6962,3,4
6963,7,8
6964,7,7
6965,4,1
6966,4,3
6967,7,7
6968,8,8
6969,0,4
6970,4,4
6971,8,1
6972,7,7
6973,7,5
6974,6,2
6975,8,1
6976,4,3
6977,4,3
6978,4,4
6979,7,5
6980,4,4
6981,0,6
6982,7,5
6983,0,0
6984,7,7
6985,7,9
6986,0,2
6987,7,7
6988,7,7
6989,7,7
6990,0,2
6991,2,8
6992,7,5
6993,8,9
6994,4,3
6995,8,8
6996,7,9
6997,7,8
6998,5,9
6999,7,5
7000,4,6
7001,4,2
7002,4,3
7003,4,6
7004,7,7
7005,4,4
7006,4,6
7007,7,7
7008,4,1
7009,4,4
7010,4,1
7011,7,5
7012,7,5
7013,4,1
7014,7,5
7015,0,8
7016,0,2
7017,7,5
7018,2,0
7019,7,9
7020,4,6
7021,4,8
7022,4,1
7023,7,8
7024,4,1
7025,4,3
7026,6,2
7027,6,6
7028,4,6
7029,4,6
7030,7,7
7031,4,4
7032,4,6
7033,6,6
7034,4,6
7035,3,4
7036,6,2
7037,0,8
7038,7,8
7039,0,2
7040,7,9
7041,0,2
7042,8,8
7043,7,9
7044,7,7
7045,0,2
7046,7,9
7047,4,6
7048,2,3
7049,7,5
7050,4,0
7051,3,3
7052,3,6
7053,3,3
7054,0,6
7055,4,1
7056,4,2
7057,7,5
7058,0,2
7059,9,7
7060,4,4
7061,4,6
7062,7,7
7063,7,7
7064,6,6
7065,8,5
7066,4,1
7067,7,7
7068,7,5
7069,4,4
7070,4,2
7071,4,2
7072,9,8
7073,4,8
7074,7,5
7075,2,3
7076,4,1
7077,4,0
7078,0,0
7079,2,3
7080,4,2
7081,4,1
7082,4,3
7083,4,3
7084,8,8
7085,4,1
7086,3,3
7087,4,2
7088,4,3
7089,8,9
7090,7,5
7091,7,8
7092,2,1
7093,7,8
7094,6,2
7095,7,7
7096,7,9
7097,7,7
7098,7,5
7099,4,6
7100,4,2
7101,6,2
7102,4,3
7103,4,1
7104,2,3
7105,4,6
7106,0,2
7107,4,1
7108,7,8
7109,6,0
7110,4,4
7111,7,9
7112,7,7
7113,4,1
7114,0,0
7115,0,6
7116,4,6
7117,7,7
7118,5,5
7119,7,8
7120,4,4
7121,4,3
7122,0,2
7123,7,7
7124,0,6
7125,6,0
7126,3,3
7127,0,2
7128,7,9
7129,7,7
7130,8,1
7131,4,2
7132,4,3
7133,7,7
7134,7,9
7135,9,9
7136,0,2
7137,4,4
7138,7,7
7139,4,4
7140,0,6
7141,4,8
7142,7,9
7143,7,5
7144,4,0
7145,8,4
7146,7,7
7147,2,2
7148,7,9
7149,5,5
7150,7,5
7151,0,0
7152,0,6
7153,2,3
7154,9,3
7155,6,0
7156,0,2
7157,7,7
7158,4,1
7159,3,4
7160,4,1
7161,0,6
7162,7,8
7163,8,5
7164,6,0
7165,6,2
7166,6,2
7167,4,9
7168,4,4
7169,0,0
7170,7,9
7171,0,0
7172,4,6
7173,7,9
7174,4,6
7175,7,5
7176,6,6
7177,3,0
7178,4,1
7179,4,3
7180,4,4
7181,4,1
7182,8,8
7183,4,6
7184,7,5
7185,7,7
7186,7,8
7187,7,7
7188,4,4
7189,4,3
7190,0,0
7191,2,8
7192,6,2
7193,4,4
7194,3,1
7195,2,3
7196,4,6
7197,7,7
7198,2,8
7199,5,8
7200,0,0
7201,0,0
7202,4,4
7203,0,0
7204,6,6
7205,0,0
7206,4,1
7207,0,2
7208,8,3
7209,7,7
7210,4,4
7211,7,7
7212,0,0
7213,7,9
7214,7,5
7215,7,7
7216,4,3
7217,2,1
7218,7,9
7219,4,6
7220,7,5
7221,7,7
7222,4,4
7223,4,1
7224,4,1
7225,2,1
7226,7,5
7227,7,9
7228,8,3
7229,7,7
7230,7,9
7231,2,8
7232,7,5
7233,7,7
7234,7,9
7235,4,1
7236,7,9
7237,7,7
7238,7,7
7239,7,9
7240,6,4
7241,2,3
7242,4,1
7243,4,1
7244,7,7
7245,4,8
7246,7,9
7247,4,3
7248,7,9
7249,4,6
7250,4,3
7251,4,2
7252,0,0
7253,4,1
7254,7,9
7255,4,0
7256,7,7
7257,7,9
7258,4,1
7259,7,5
7260,7,9
7261,4,1
7262,3,1
7263,4,2
7264,4,3
7265,0,0
7266,0,0
7267,2,3
7268,7,9
7269,7,9
7270,7,7
7271,4,3
7272,7,9
7273,0,2
7274,4,6
7275,7,9
7276,7,7
7277,7,7
7278,7,9
7279,6,0
7280,4,6
7281,6,0
7282,4,4
7283,2,8
7284,0,0
7285,7,7
7286,8,8
7287,2,3
7288,4,3
7289,6,6
7290,7,7
7291,4,0
7292,4,8
7293,7,5
7294,3,3
7295,0,0
7296,4,6
7297,0,0
7298,7,9
7299,7,5
7300,7,7
7301,4,3
7302,3,4
7303,7,5
7304,4,1
7305,6,4
7306,3,0
7307,7,7
7308,4,1
7309,7,8
7310,4,3
7311,4,3
7312,8,5
7313,8,5
7314,6,0
7315,4,4
7316,4,1
7317,7,7
7318,3,3
7319,7,5
7320,0,0
7321,7,7
7322,4,1
7323,7,9
7324,4,4
7325,4,4
7326,0,6
7327,4,1
7328,6,2
7329,3,4
7330,7,5
7331,4,3
7332,7,7
7333,3,1
7334,6,6
7335,4,4
7336,2,8
7337,6,6
7338,6,0
7339,6,6
7340,7,9
7341,0,8
7342,4,3
7343,2,1
7344,4,3
7345,7,5
7346,7,7
7347,4,3
7348,8,9
7349,9,3
7350,4,0
7351,6,4
7352,9,9
7353,2,3
7354,4,1
7355,7,7
7356,4,3
7357,7,5
7358,7,9
7359,6,0
7360,4,3
7361,4,4
7362,7,7
7363,7,5
7364,4,2
7365,4,1
7366,4,2
7367,8,1
7368,7,7
7369,8,9
7370,4,6
7371,6,2
7372,4,6
7373,4,6
7374,8,9
7375,2,8
7376,8,8
7377,6,6
7378,4,6
7379,4,0
7380,5,5
7381,6,6
7382,4,6
7383,7,7
7384,4,0
7385,4,0
7386,2,8
7387,7,5
7388,7,5
7389,4,4
7390,4,3
7391,4,0
7392,7,9
7393,3,4
7394,4,1
7395,4,1
7396,4,1
7397,7,5
7398,0,2
7399,4,6
7400,6,0
7401,7,7
7402,7,5
7403,6,0
7404,4,0
7405,7,7
7406,0,2
7407,8,9
7408,7,5
7409,4,1
7410,7,5
7411,4,1
7412,7,5
7413,7,7
7414,0,0
7415,8,1
7416,8,9
7417,7,8
7418,4,4
7419,4,1
7420,8,2
7421,2,0
7422,7,7
7423,7,8
7424,4,1
7425,7,9
7426,8,9
7427,0,2
7428,7,7
7429,7,7
7430,0,0
7431,8,9
7432,6,2
7433,2,8
7434,7,7
7435,2,8
7436,4,6
7437,4,6
7438,7,7
7439,4,1
7440,4,3
7441,0,2
7442,0,0
7443,7,5
7444,3,3
7445,9,1
7446,4,3
7447,8,1
7448,7,9
7449,2,8
7450,7,9
7451,6,0
7452,0,0
7453,0,0
7454,4,1
7455,4,6
7456,7,8
7457,8,8
7458,4,6
7459,7,5
7460,0,0
7461,7,7
7462,0,0
7463,6,4
7464,8,8
7465,9,8
7466,7,8
7467,8,1
7468,7,5
7469,4,4
7470,3,3
7471,0,2
7472,8,5
7473,0,2
7474,7,5
7475,4,6
7476,2,6
7477,7,7
7478,6,3
7479,2,8
7480,0,2
7481,6,0
7482,4,0
7483,4,4
7484,6,0
7485,9,5
7486,0,2
7487,4,4
7488,0,0
7489,4,4
7490,7,9
7491,4,6
7492,4,1
7493,7,9
7494,4,3
7495,7,8
7496,7,9
7497,3,3
7498,4,4
7499,7,8
7500,7,7
7501,7,7
7502,7,5
7503,0,0
7504,0,6
7505,4,0
7506,7,7
7507,7,9
7508,7,9
7509,6,4
7510,4,1
7511,0,2
7512,5,9
7513,7,9
7514,6,1
7515,9,5
7516,0,2
7517,6,2
7518,0,8
7519,4,8
7520,4,6
7521,0,6
7522,0,0
7523,4,0
7524,6,3
7525,7,7
7526,3,2
7527,7,9
7528,4,6
7529,7,9
7530,4,6
7531,4,3
7532,7,7
7533,6,4
7534,7,7
7535,7,8
7536,4,6
7537,4,2
7538,7,7
7539,6,0
7540,4,2
7541,0,2
7542,9,9
7543,3,4
7544,6,2
7545,2,2
7546,6,4
7547,6,0
7548,4,1
7549,7,7
7550,6,4
7551,4,4
7552,5,5
7553,6,3
7554,4,6
7555,9,9
7556,4,6
7557,6,0
7558,4,2
7559,8,9
7560,2,8
7561,7,7
7562,4,1
7563,7,5
7564,7,5
7565,4,6
7566,2,8
7567,4,4
7568,0,6
7569,7,7
7570,4,3
7571,4,3
7572,4,3
7573,7,5
7574,4,1
7575,7,5
7576,4,3
7577,6,2
7578,0,0
7579,4,4
7580,4,4
7581,7,9
7582,2,8
7583,4,3
7584,2,8
7585,4,8
7586,0,2
7587,7,8
7588,0,0
7589,4,8
7590,4,6
7591,4,4
7592,6,4
7593,2,8
7594,4,3
7595,4,0
7596,7,8
7597,4,4
7598,9,2
7599,4,4
7600,0,0
7601,8,3
7602,7,5
7603,3,4
7604,2,1
7605,7,9
7606,0,0
7607,0,0
7608,4,3
7609,7,9
7610,5,8
7611,4,1
7612,6,2
7613,8,1
7614,2,0
7615,4,0
7616,0,0
7617,6,6
7618,4,1
7619,4,6
7620,7,5
7621,4,1
7622,4,4
7623,4,0
7624,4,3
7625,3,4
7626,7,7
7627,4,3
7628,4,4
7629,4,4
7630,4,6
7631,2,1
7632,7,7
7633,8,9
7634,8,9
7635,4,6
7636,4,1
7637,3,3
7638,3,3
7639,7,7
7640,7,9
7641,7,7
7642,7,7
7643,7,7
7644,5,9
7645,6,0
7646,6,0
7647,3,2
7648,0,6
7649,4,8
7650,4,1
7651,8,9
7652,4,1
7653,0,0
7654,0,0
7655,4,1
7656,4,0
7657,4,3
7658,4,4
7659,4,2
7660,7,5
7661,7,5
7662,8,4
7663,7,9
7664,2,8
7665,4,3
7666,4,1
7667,4,5
7668,0,4
7669,6,2
7670,7,5
7671,7,8
7672,7,7
7673,4,6
7674,4,6
7675,6,6
7676,7,9
7677,7,7
7678,7,7
7679,7,9
7680,2,3
7681,4,6
7682,6,4
7683,7,7
7684,4,1
7685,8,9
7686,7,8
7687,8,8
7688,7,7
7689,7,7
7690,4,1
7691,7,5
7692,0,2
7693,4,1
7694,4,0
7695,2,3
7696,2,8
7697,4,2
7698,4,1
7699,2,8
7700,4,4
7701,0,0
7702,4,3
7703,4,1
7704,3,2
7705,7,7
7706,4,4
7707,4,4
7708,0,2
7709,8,3
7710,7,7
7711,4,3
7712,0,0
7713,4,3
7714,4,1
7715,2,3
7716,7,7
7717,7,9
7718,7,9
7719,4,1
7720,4,4
7721,4,2
7722,4,4
7723,7,5
7724,4,1
7725,7,7
7726,6,6
7727,0,0
7728,0,4
7729,2,1
7730,7,9
7731,0,2
7732,4,4
7733,0,2
7734,4,4
7735,7,9
7736,7,9
7737,4,6
7738,7,9
7739,4,6
7740,2,3
7741,7,7
7742,2,3
7743,7,5
7744,7,5
7745,0,0
7746,2,8
7747,6,2
7748,4,1
7749,4,2
7750,0,2
7751,4,1
7752,7,5
7753,4,4
7754,0,0
7755,0,0
7756,7,9
7757,7,9
7758,4,6
7759,0,0
7760,7,7
7761,0,0
7762,3,3
7763,2,8
7764,3,3
7765,4,4
7766,4,6
7767,2,8
7768,4,4
7769,3,3
7770,4,4
7771,0,0
7772,2,1
7773,3,6
7774,4,3
7775,7,5
7776,9,8
7777,2,3
7778,6,2
7779,3,4
7780,6,2
7781,4,4
7782,7,8
7783,4,0
7784,7,9
7785,8,9
7786,4,2
7787,4,6
7788,0,8
7789,0,2
7790,4,3
7791,7,9
7792,4,2
7793,4,0
7794,4,6
7795,9,9
7796,0,0
7797,0,6
7798,6,6
7799,5,0
7800,6,2
7801,4,6
7802,7,5
7803,6,4
7804,7,7
7805,2,4
7806,4,6
7807,0,0
7808,2,3
7809,3,4
7810,8,5
7811,4,2
7812,7,5
7813,7,7
7814,4,8
7815,3,4
7816,4,0
7817,6,6
7818,7,9
7819,4,3
7820,0,6
7821,7,5
7822,8,9
7823,4,4
7824,4,4
7825,6,2
7826,8,3
7827,0,2
7828,7,7
7829,2,4
7830,7,7
7831,7,7
7832,3,3
7833,4,4
7834,7,7
7835,2,8
7836,6,0
7837,2,2
7838,0,0
7839,3,4
7840,8,1
7841,0,2
7842,7,5
7843,4,3
7844,7,5
7845,4,1
7846,6,4
7847,4,4
7848,4,3
7849,4,4
7850,4,3
7851,5,9
7852,0,0
7853,7,5
7854,4,3
7855,4,1
7856,7,8
7857,9,9
7858,4,6
7859,0,0
7860,3,3
7861,4,2
7862,0,6
7863,4,4
7864,7,5
7865,7,7
7866,4,0
7867,4,1
7868,0,6
7869,0,0
7870,0,2
7871,7,9
7872,0,8
7873,7,9
7874,7,7
7875,7,9
7876,4,3
7877,7,8
7878,7,7
7879,7,7
7880,7,5
7881,7,9
7882,4,1
7883,7,9
7884,7,5
7885,0,8
7886,4,4
7887,4,6
7888,2,1
7889,2,3
7890,4,0
7891,4,3
7892,7,8
7893,8,1
7894,3,4
7895,4,1
7896,6,2
7897,7,7
7898,8,1
7899,7,9
7900,8,9
7901,6,6
7902,6,0
7903,7,5
7904,4,1
7905,0,0
7906,4,3
7907,0,0
7908,0,2
7909,8,9
7910,4,3
7911,3,4
7912,7,9
7913,4,3
7914,4,1
7915,2,3
7916,4,1
7917,9,9
7918,7,7
7919,7,7
7920,7,5
7921,6,2
7922,3,4
7923,6,2
7924,7,9
7925,6,0
7926,7,7
7927,4,4
7928,0,0
7929,4,8
7930,7,5
7931,7,7
7932,8,3
7933,4,1
7934,3,4
7935,0,0
7936,4,4
7937,4,1
7938,7,7
7939,4,1
7940,8,3
7941,6,4
7942,7,9
7943,7,7
7944,3,4
7945,2,3
7946,6,2
7947,4,1
7948,6,0
7949,4,6
7950,4,1
7951,4,1
7952,4,2
7953,7,5
7954,5,7
7955,4,1
7956,7,9
7957,7,5
7958,4,3
7959,4,6
7960,0,2
7961,0,2
7962,2,3
7963,4,6
7964,7,7
7965,4,4
7966,7,9
7967,7,5
7968,2,8
7969,4,1
7970,2,8
7971,4,9
7972,4,4
7973,2,4
7974,0,2
7975,7,5
7976,4,1
7977,6,2
7978,4,0
7979,3,3
7980,2,3
7981,0,0
7982,4,2
7983,0,6
7984,0,0
7985,8,9
7986,4,3
7987,8,9
7988,7,5
7989,7,8
7990,8,9
7991,7,5
7992,7,8
7993,0,0
7994,8,3
7995,7,7
7996,7,7
7997,7,9
7998,7,5
7999,0,0
8000,7,7
8001,7,7
8002,7,7
8003,7,7
8004,7,9
8005,7,2
8006,7,7
8007,6,0
8008,4,0
8009,7,9
8010,7,5
8011,5,9
8012,2,3
8013,7,5
8014,7,7
8015,7,7
8016,0,6
8017,7,5
8018,2,8
8019,6,6
8020,4,6
8021,4,3
8022,4,4
8023,4,1
8024,7,7
8025,7,7
8026,7,9
8027,4,3
8028,7,5
8029,7,9
8030,4,6
8031,4,4
8032,4,6
8033,4,1
8034,3,4
8035,6,2
8036,4,1
8037,5,5
8038,7,9
8039,8,5
8040,4,6
8041,4,1
8042,8,1
8043,3,4
8044,4,1
8045,4,6
8046,2,3
8047,4,4
8048,8,4
8049,4,3
8050,7,7
8051,3,3
8052,7,7
8053,7,9
8054,0,0
8055,7,5
8056,2,3
8057,7,9
8058,6,0
8059,3,4
8060,0,2
8061,0,6
8062,7,7
8063,7,8
8064,9,8
8065,4,3
8066,0,0
8067,5,9
8068,2,8
8069,0,2
8070,8,9
8071,4,4
8072,4,3
8073,4,1
8074,2,8
8075,8,4
8076,7,7
8077,4,1
8078,7,7
8079,7,5
8080,4,1
8081,7,5
8082,7,9
8083,7,5
8084,7,5
8085,0,8
8086,7,7
8087,7,5
8088,6,3
8089,4,4
8090,7,9
8091,3,6
8092,4,4
8093,3,3
8094,4,4
8095,0,6
8096,9,8
8097,4,0
8098,7,8
8099,4,3
8100,8,1
8101,5,9
8102,8,8
8103,7,9
8104,4,3
8105,4,3
8106,0,0
8107,4,4
8108,3,4
8109,4,6
8110,7,5
8111,4,6
8112,3,3
8113,9,8
8114,8,8
8115,0,0
8116,4,1
8117,7,7
8118,2,8
8119,4,4
8120,4,3
8121,3,2
8122,8,9
8123,7,5
8124,7,8
8125,7,7
8126,4,1
8127,4,2
8128,3,3
8129,0,4
8130,7,5
8131,7,7
8132,9,9
8133,0,0
8134,7,9
8135,4,4
8136,4,4
8137,7,7
8138,4,2
8139,0,0
8140,2,8
8141,2,8
8142,0,2
8143,4,1
8144,7,5
8145,0,6
8146,2,9
8147,4,6
8148,8,5
8149,4,4
8150,9,3
8151,4,3
8152,0,2
8153,3,6
8154,7,7
8155,8,5
8156,4,0
8157,4,1
8158,7,7
8159,7,5
8160,7,9
8161,7,7
8162,3,0
8163,2,8
8164,3,4
8165,0,0
8166,7,9
8167,7,5
8168,5,9
8169,4,8
8170,7,9
8171,7,9
8172,7,9
8173,4,1
8174,4,4
8175,4,3
8176,0,2
8177,0,0
8178,5,9
8179,0,8
8180,4,6
8181,2,8
8182,0,4
8183,7,5
8184,6,0
8185,0,6
8186,4,6
8187,4,0
8188,4,6
8189,7,9
8190,0,0
8191,4,1
8192,0,0
8193,4,3
8194,7,7
8195,0,2
8196,7,7
8197,7,7
8198,8,1
8199,8,9
8200,0,6
8201,2,5
8202,4,3
8203,8,1
8204,7,7
8205,3,3
8206,4,1
8207,7,5
8208,0,6
8209,0,6
8210,7,7
8211,3,4
8212,7,5
8213,2,8
8214,2,8
8215,3,6
8216,8,8
8217,0,0
8218,7,7
8219,0,0
8220,4,3
8221,7,8
8222,8,5
8223,7,7
8224,7,7
8225,7,5
8226,0,0
8227,2,8
8228,0,8
8229,4,2
8230,7,5
8231,0,6
8232,6,0
8233,8,5
8234,0,2
8235,4,2
8236,7,5
8237,0,0
8238,4,1
8239,4,6
8240,4,2
8241,4,4
8242,4,6
8243,4,6
8244,2,3
8245,7,8
8246,4,3
8247,6,4
8248,9,8
8249,0,2
8250,4,8
8251,4,6
8252,0,0
8253,0,0
8254,9,8
8255,7,9
8256,6,4
8257,3,1
8258,9,8
8259,4,6
8260,7,7
8261,7,9
8262,7,8
8263,3,3
8264,8,1
8265,7,7
8266,4,1
8267,7,8
8268,7,9
8269,0,0
8270,6,0
8271,8,8
8272,5,5
8273,7,9
8274,4,1
8275,6,0
8276,4,1
8277,4,2
8278,4,1
8279,6,4
8280,3,3
8281,7,9
8282,6,2
8283,7,7
8284,7,5
8285,5,9
8286,0,0
8287,7,7
8288,7,5
8289,2,8
8290,3,4
8291,6,4
8292,6,2
8293,0,2
8294,7,5
8295,0,0
8296,7,7
8297,2,8
8298,0,6
8299,5,9
8300,0,0
8301,4,6
8302,4,3
8303,7,7
8304,0,0
8305,2,8
8306,4,8
8307,7,7
8308,0,6
8309,8,8
8310,7,7
8311,4,3
8312,4,3
8313,7,9
8314,8,1
8315,4,0
8316,4,4
8317,7,7
8318,7,7
8319,4,8
8320,6,4
8321,0,0
8322,0,2
8323,8,5
8324,6,4
8325,7,5
8326,6,8
8327,4,8
8328,4,6
8329,6,2
8330,4,1
8331,7,7
8332,4,0
8333,8,9
8334,4,6
8335,4,4
8336,4,6
8337,7,7
8338,8,1
8339,0,0
8340,2,1
8341,7,7
8342,4,1
8343,6,4
8344,4,0
8345,0,8
8346,4,1
8347,4,1
8348,0,2
8349,9,8
8350,2,9
8351,7,9
8352,0,0
8353,0,6
8354,4,4
8355,3,3
8356,4,1
8357,6,0
8358,0,0
8359,3,4
8360,4,4
8361,6,2
8362,7,5
8363,5,3
8364,4,6
8365,2,4
8366,7,8
8367,0,0
8368,7,7
8369,8,9
8370,4,2
8371,4,4
8372,3,2
8373,7,7
8374,8,9
8375,6,2
8376,6,0
8377,7,5
8378,4,6
8379,4,0
8380,7,7
8381,7,9
8382,7,7
8383,4,1
8384,8,8
8385,0,2
8386,4,3
8387,7,7
8388,7,8
8389,7,7
8390,7,7
8391,7,5
8392,0,2
8393,7,5
8394,5,9
8395,4,3
8396,4,6
8397,7,5
8398,4,6
8399,4,1
8400,7,5
8401,7,5
8402,7,9
8403,4,1
8404,4,8
8405,7,5
8406,0,0
8407,7,8
8408,4,6
8409,0,2
8410,6,2
8411,7,9
8412,7,5
8413,2,1
8414,4,1
8415,7,9
8416,9,3
8417,6,2
8418,7,9
8419,7,5
8420,4,4
8421,6,2
8422,4,2
8423,8,9
8424,7,5
8425,0,0
8426,0,2
8427,2,8
8428,4,6
8429,0,0
8430,9,9
8431,4,2
8432,6,0
8433,7,8
8434,6,6
8435,7,5
8436,7,5
8437,0,8
8438,7,7
8439,7,9
8440,7,8
8441,0,0
8442,7,9
8443,7,9
8444,2,8
8445,4,1
8446,7,8
8447,6,4
8448,7,7
8449,4,3
8450,4,4
8451,7,5
8452,8,4
8453,8,8
8454,6,3
8455,8,5
8456,4,0
8457,2,3
8458,7,9
8459,4,6
8460,0,0
8461,7,7
8462,7,9
8463,7,7
8464,4,4
8465,7,5
8466,4,1
8467,0,2
8468,0,2
8469,6,6
8470,7,7
8471,7,5
8472,4,3
8473,0,0
8474,0,6
8475,7,5
8476,6,2
8477,0,0
8478,7,5
8479,4,6
8480,7,7
8481,4,2
8482,6,2
8483,4,3
8484,7,9
8485,4,2
8486,8,5
8487,4,6
8488,7,5
8489,0,0
8490,4,4
8491,4,8
8492,4,3
8493,7,5
8494,8,9
8495,4,4
8496,2,3
8497,0,2
8498,7,7
8499,4,4
8500,8,1
8501,4,4
8502,0,0
8503,4,1
8504,8,9
8505,0,6
8506,4,3
8507,0,2
8508,0,8
8509,4,1
8510,7,9
8511,6,2
8512,4,1
8513,0,2
8514,7,9
8515,7,5
8516,4,0
8517,8,3
8518,4,3
8519,2,8
8520,2,3
8521,0,2
8522,7,9
8523,9,9
8524,2,8
8525,4,4
8526,7,9
8527,4,3
8528,4,6
8529,4,1
8530,4,1
8531,8,3
8532,8,9
8533,0,6
8534,7,7
8535,9,8
8536,4,1
8537,7,5
8538,4,9
8539,7,5
8540,7,8
8541,6,6
8542,4,4
8543,0,0
8544,4,8
8545,4,0
8546,7,5
8547,4,4
8548,4,1
8549,4,1
8550,7,7
8551,4,8
8552,4,0
8553,2,8
8554,9,9
8555,3,4
8556,4,4
8557,2,3
8558,8,9
8559,4,6
8560,8,9
8561,6,2
8562,0,4
8563,7,5
8564,4,1
8565,7,9
8566,0,0
8567,4,1
8568,7,9
8569,0,0
8570,0,0
8571,0,0
8572,8,9
8573,4,1
8574,7,7
8575,4,2
8576,4,3
8577,7,5
8578,7,8
8579,4,6
8580,4,6
8581,7,8
8582,4,4
8583,2,8
8584,3,4
8585,2,3
8586,4,6
8587,3,3
8588,7,8
8589,3,3
8590,4,2
8591,4,8
8592,7,8
8593,7,7
8594,7,5
8595,7,8
8596,0,0
8597,4,4
8598,7,8
8599,7,5
8600,7,7
8601,0,0
8602,7,8
8603,7,7
8604,7,9
8605,4,6
8606,4,1
8607,8,5
8608,7,7
8609,7,9
8610,7,5
8611,0,0
8612,2,0
8613,4,4
8614,4,4
8615,4,1
8616,8,9
8617,7,5
8618,7,7
8619,0,0
8620,4,1
8621,2,3
8622,7,8
8623,2,4
8624,7,5
8625,4,1
8626,7,5
8627,8,9
8628,7,7
8629,4,8
8630,7,5
8631,2,8
8632,7,8
8633,4,6
8634,6,0
8635,4,4
8636,7,5
8637,0,2
8638,8,9
8639,8,9
8640,0,0
8641,4,4
8642,4,1
8643,4,3
8644,6,2
8645,6,3
8646,4,4
8647,4,4
8648,6,2
8649,7,5
8650,0,4
8651,6,2
8652,4,1
8653,0,8
8654,4,1
8655,7,5
8656,7,9
8657,2,2
8658,2,8
8659,0,0
8660,7,7
8661,4,0
8662,0,6
8663,0,0
8664,4,3
8665,4,6
8666,9,9
8667,2,4
8668,0,0
8669,4,1
8670,4,1
8671,0,0
8672,4,1
8673,4,2
8674,6,2
8675,9,8
8676,8,9
8677,0,0
8678,7,5
8679,2,5
8680,6,0
8681,8,4
8682,9,8
8683,7,7
8684,4,1
8685,6,4
8686,7,5
8687,5,8
8688,7,6
8689,7,7
8690,4,2
8691,2,2
8692,0,6
8693,0,2
8694,4,4
8695,4,6
8696,4,4
8697,2,3
8698,9,8
8699,0,4
8700,7,5
8701,8,4
8702,6,2
8703,9,8
8704,4,0
8705,4,1
8706,7,7
8707,7,7
8708,4,8
8709,0,2
8710,7,5
8711,0,0
8712,7,5
8713,4,1
8714,4,8
8715,6,6
8716,4,0
8717,0,0
8718,7,5
8719,4,3
8720,3,3
8721,8,3
8722,8,9
8723,4,3
8724,7,5
8725,7,7
8726,0,2
8727,4,1
8728,4,1
8729,3,3
8730,4,1
8731,8,5
8732,7,9
8733,7,5
8734,6,2
8735,4,1
8736,4,3
8737,3,3
8738,7,7
8739,8,1
8740,3,3
8741,7,8
8742,3,3
8743,0,8
8744,7,7
8745,6,4
8746,7,5
8747,4,1
8748,0,2
8749,7,7
8750,7,7
8751,6,6
8752,0,2
8753,4,6
8754,4,8
8755,4,1
8756,4,1
8757,4,2
8758,7,7
8759,0,2
8760,3,4
8761,6,2
8762,2,3
8763,7,7
8764,7,7
8765,2,3
8766,0,0
8767,7,9
8768,7,7
8769,4,4
8770,4,0
8771,6,2
8772,4,1
8773,3,4
8774,7,5
8775,7,8
8776,6,3
8777,7,8
8778,7,5
8779,7,5
8780,6,4
8781,4,0
8782,0,0
8783,0,2
8784,2,9
8785,4,4
8786,3,2
8787,7,5
8788,4,1
8789,7,8
8790,7,7
8791,0,0
8792,4,1
8793,4,8
8794,4,6
8795,4,2
8796,4,1
8797,7,7
8798,4,4
8799,7,7
8800,7,9
8801,4,6
8802,4,1
8803,3,1
8804,4,6
8805,4,6
8806,4,2
8807,9,5
8808,4,4
8809,4,4
8810,7,5
8811,4,8
8812,9,6
8813,6,0
8814,7,6
8815,0,0
8816,4,3
8817,4,6
8818,3,4
8819,6,3
8820,4,1
8821,7,5
8822,0,2
8823,0,0
8824,0,0
8825,4,1
8826,0,0
8827,0,0
8828,4,3
8829,7,7
8830,7,7
8831,0,4
8832,6,2
8833,6,6
8834,4,6
8835,0,0
8836,7,5
8837,0,0
8838,4,4
8839,7,7
8840,0,6
8841,0,0
8842,0,0
8843,4,9
8844,7,5
8845,2,3
8846,4,4
8847,4,0
8848,2,4
8849,7,5
8850,4,1
8851,3,4
8852,7,8
8853,4,3
8854,4,3
8855,4,8
8856,7,7
8857,4,8
8858,4,4
8859,2,3
8860,4,3
8861,6,2
8862,4,1
8863,0,0
8864,4,1
8865,7,9
8866,2,6
8867,7,5
8868,7,9
8869,4,6
8870,7,7
8871,4,6
8872,4,1
8873,0,0
8874,4,3
8875,4,8
8876,0,0
8877,4,3
8878,7,7
8879,3,4
8880,0,0
8881,4,6
8882,6,0
8883,9,8
8884,7,0
8885,7,9
8886,9,8
8887,0,2
8888,4,1
8889,4,2
8890,4,8
8891,7,9
8892,2,8
8893,0,2
8894,4,5
8895,0,2
8896,7,5
8897,7,7
8898,0,0
8899,9,3
8900,2,3
8901,4,0
8902,3,4
8903,7,5
8904,4,0
8905,8,1
8906,4,3
8907,4,6
8908,7,7
8909,3,3
8910,7,7
8911,7,7
8912,7,8
8913,4,6
8914,0,0
8915,4,1
8916,7,9
8917,6,2
8918,4,0
8919,7,5
8920,7,7
8921,4,2
8922,0,0
8923,4,2
8924,4,1
8925,2,4
8926,0,0
8927,2,3
8928,7,5
8929,7,5
8930,0,6
8931,7,9
8932,7,7
8933,4,3
8934,7,9
8935,7,9
8936,0,2
8937,7,5
8938,6,6
8939,7,5
8940,0,6
8941,8,4
8942,7,7
8943,0,0
8944,7,5
8945,0,2
8946,4,1
8947,8,9
8948,4,0
8949,7,5
8950,8,6
8951,7,5
8952,2,8
8953,7,7
8954,4,1
8955,7,5
8956,6,6
8957,4,6
8958,0,2
8959,2,8
8960,2,4
8961,7,9
8962,4,4
8963,8,5
8964,2,1
8965,3,4
8966,6,6
8967,6,2
8968,4,1
8969,9,3
8970,4,3
8971,4,4
8972,4,0
8973,7,5
8974,4,4
8975,7,9
8976,4,1
8977,4,8
8978,8,5
8979,0,0
8980,0,2
8981,4,4
8982,2,8
8983,4,3
8984,7,9
8985,4,3
8986,4,0
8987,7,5
8988,3,6
8989,0,2
8990,7,5
8991,4,8
8992,7,5
8993,4,1
8994,7,7
8995,0,2
8996,7,7
8997,4,1
8998,7,7
8999,4,1
9000,2,9
9001,4,2
9002,5,5
9003,4,1
9004,4,2
9005,4,4
9006,8,9
9007,0,0
9008,0,1
9009,6,2
9010,2,8
9011,7,7
9012,4,6
9013,8,1
9014,0,2
9015,0,0
9016,7,8
9017,9,9
9018,4,1
9019,7,9
9020,0,0
9021,4,1
9022,0,0
9023,8,1
9024,4,4
9025,4,6
9026,7,7
9027,2,8
9028,7,8
9029,7,9
9030,0,0
9031,4,1
9032,7,8
9033,9,5
9034,4,4
9035,8,9
9036,7,9
9037,0,2
9038,4,2
9039,2,4
9040,7,5
9041,7,7
9042,7,7
9043,7,9
9044,7,9
9045,7,7
9046,7,7
9047,4,3
9048,8,9
9049,0,0
9050,7,7
9051,4,6
9052,3,1
9053,7,5
9054,5,5
9055,8,8
9056,7,5
9057,7,7
9058,7,5
9059,6,6
9060,7,5
9061,7,5
9062,7,5
9063,4,1
9064,7,5
9065,7,9
9066,6,4
9067,7,8
9068,7,5
9069,4,6
9070,4,3
9071,6,2
9072,6,6
9073,0,6
9074,7,7
9075,4,4
9076,6,2
9077,4,1
9078,0,0
9079,7,8
9080,7,8
9081,4,1
9082,7,7
9083,7,9
9084,3,2
9085,4,1
9086,6,4
9087,6,2
9088,4,6
9089,9,8
9090,6,2
9091,4,3
9092,7,5
9093,7,5
9094,0,0
9095,7,5
9096,4,1
9097,7,5
9098,7,0
9099,7,9
9100,0,2
9101,4,6
9102,4,1
9103,3,0
9104,7,9
9105,4,6
9106,6,2
9107,4,2
9108,4,2
9109,4,4
9110,2,3
9111,4,1
9112,7,7
9113,8,9
9114,8,4
9115,6,6
9116,4,4
9117,0,2
9118,7,7
9119,4,1
9120,4,1
9121,0,2
9122,7,7
9123,4,4
9124,6,6
9125,2,8
9126,7,7
9127,0,2
9128,6,2
9129,3,6
9130,0,0
9131,7,7
9132,7,5
9133,7,0
9134,3,0
9135,6,2
9136,6,2
9137,4,5
9138,7,8
9139,6,6
9140,0,0
9141,8,8
9142,8,1
9143,0,6
9144,7,9
9145,6,4
9146,4,1
9147,4,4
9148,2,3
9149,6,6
9150,7,7
9151,0,2
9152,7,8
9153,0,6
9154,4,6
9155,4,6
9156,6,1
9157,4,1
9158,7,7
9159,7,5
9160,4,6
9161,4,2
9162,8,5
9163,5,9
9164,0,0
9165,7,9
9166,7,8
9167,7,7
9168,4,6
9169,4,6
9170,4,6
9171,4,1
9172,4,1
9173,4,1
9174,7,8
9175,4,1
9176,2,4
9177,9,8
9178,8,9
9179,7,7
9180,0,2
9181,7,7
9182,7,8
9183,3,0
9184,8,1
9185,9,8
9186,6,6
9187,0,0
9188,4,6
9189,6,8
9190,8,3
9191,2,8
9192,5,5
9193,7,5
9194,7,8
9195,7,7
9196,2,8
9197,0,2
9198,7,8
9199,4,6
9200,7,5
9201,4,1
9202,7,5
9203,3,2
9204,3,3
9205,4,4
9206,0,8
9207,2,3
9208,3,6
9209,4,1
9210,7,8
9211,6,2
9212,7,7
9213,4,4
9214,7,7
9215,2,8
9216,0,2
9217,9,8
9218,0,6
9219,6,4
9220,3,3
9221,4,4
9222,0,2
9223,4,1
9224,4,6
9225,4,1
9226,2,5
9227,4,3
9228,4,4
9229,6,2
9230,8,5
9231,0,2
9232,7,9
9233,4,3
9234,7,7
9235,8,9
9236,0,2
9237,0,2
9238,4,4
9239,0,6
9240,0,0
9241,6,2
9242,7,7
9243,3,6
9244,2,1
9245,4,4
9246,7,7
9247,7,5
9248,0,8
9249,4,8
9250,6,6
9251,3,3
9252,4,3
9253,4,4
9254,7,8
9255,7,5
9256,0,0
9257,4,3
9258,7,5
9259,0,0
9260,4,3
9261,4,1
9262,7,7
9263,7,5
9264,7,5
9265,4,2
9266,7,7
9267,7,9
9268,7,9
9269,4,6
9270,7,9
9271,0,2
9272,0,0
9273,2,3
9274,6,6
9275,6,2
9276,4,1
9277,8,9
9278,2,8
9279,4,1
9280,7,5
9281,4,4
9282,2,3
9283,0,2
9284,0,2
9285,8,5
9286,7,7
9287,4,3
9288,4,4
9289,7,5
9290,7,9
9291,4,4
9292,7,7
9293,4,1
9294,7,5
9295,6,0
9296,4,4
9297,4,3
9298,4,0
9299,0,0
9300,7,9
9301,4,1
9302,4,2
9303,7,8
9304,3,6
9305,0,8
9306,4,1
9307,4,1
9308,7,7
9309,7,5
9310,7,9
9311,7,8
9312,0,2
9313,3,3
9314,4,1
9315,2,4
9316,7,9
9317,7,7
9318,0,6
9319,4,6
9320,7,8
9321,0,2
9322,7,5
9323,4,1
9324,8,1
9325,4,0
9326,6,2
9327,0,1
9328,0,6
9329,0,2
9330,3,2
9331,7,7
9332,4,1
9333,7,5
9334,7,7
9335,4,6
9336,7,7
9337,4,6
9338,4,2
9339,6,2
9340,0,4
9341,4,3
9342,0,6
9343,7,9
9344,8,9
9345,7,7
9346,7,7
9347,4,1
9348,0,0
9349,3,6
9350,0,0
9351,0,2
9352,8,9
9353,4,0
9354,7,8
9355,8,3
9356,7,5
9357,7,5
9358,7,7
9359,3,0
9360,6,0
9361,7,9
9362,7,5
9363,6,6
9364,7,9
9365,4,4
9366,4,8
9367,7,5
9368,4,4
9369,4,3
9370,4,1
9371,7,9
9372,7,8
9373,2,4
9374,4,1
9375,7,7
9376,8,8
9377,7,8
9378,4,4
9379,7,9
9380,0,6
9381,8,8
9382,0,6
9383,4,1
9384,3,0
9385,7,9
9386,0,2
9387,2,8
9388,4,4
9389,4,3
9390,4,4
9391,0,2
9392,2,8
9393,3,6
9394,0,2
9395,8,1
9396,4,4
9397,2,3
9398,7,7
9399,2,8
9400,7,9
9401,7,7
9402,7,5
9403,2,3
9404,7,7
9405,8,9
9406,6,2
9407,4,2
9408,8,1
9409,3,4
9410,4,2
9411,2,8
9412,6,2
9413,7,7
9414,7,7
9415,8,9
9416,0,0
9417,7,7
9418,5,8
9419,4,0
9420,6,4
9421,7,7
9422,6,0
9423,7,7
9424,0,0
9425,6,6
9426,4,1
9427,4,6
9428,4,3
9429,4,1
9430,7,9
9431,4,1
9432,4,4
9433,0,0
9434,0,0
9435,7,5
9436,4,0
9437,4,1
9438,4,6
9439,7,8
9440,8,9
9441,4,4
9442,4,4
9443,4,1
9444,6,2
9445,6,2
9446,4,6
9447,7,9
9448,7,9
9449,5,5
9450,7,7
9451,0,0
9452,7,5
9453,7,7
9454,6,0
9455,4,0
9456,4,4
9457,4,8
9458,2,3
9459,2,2
9460,4,0
9461,4,1
9462,4,1
9463,0,6
9464,4,4
9465,7,5
9466,6,2
9467,4,4
9468,7,9
9469,8,9
9470,9,8
9471,2,8
9472,4,0
9473,7,7
9474,7,8
9475,7,8
9476,9,8
9477,7,5
9478,4,1
9479,4,3
9480,0,6
9481,7,5
9482,3,3
9483,6,6
9484,0,0
9485,4,4
9486,7,5
9487,4,2
9488,4,2
9489,4,1
9490,4,6
9491,4,6
9492,0,2
9493,7,7
9494,7,9
9495,0,2
9496,0,0
9497,0,0
9498,0,2
9499,0,1
9500,7,7
9501,7,5
9502,7,5
9503,4,6
9504,4,6
9505,6,6
9506,0,0
9507,4,4
9508,0,0
9509,8,1
9510,4,2
9511,7,7
9512,8,5
9513,6,0
9514,8,9
9515,0,0
9516,7,7
9517,4,1
9518,4,6
9519,7,5
9520,0,0
9521,4,4
9522,7,7
9523,7,5
9524,0,0
9525,4,5
9526,7,9
9527,4,3
9528,4,1
9529,0,0
9530,7,5
9531,7,8
9532,7,7
9533,4,8
9534,4,1
9535,4,1
9536,5,5
9537,7,5
9538,7,5
9539,7,7
9540,7,7
9541,7,9
9542,9,8
9543,7,8
9544,4,2
9545,4,4
9546,8,9
9547,4,6
9548,7,7
9549,4,3
9550,4,6
9551,7,7
9552,7,7
9553,3,3
9554,7,5
9555,3,4
9556,4,3
9557,0,0
9558,6,4
9559,3,8
9560,6,0
9561,0,0
9562,2,8
9563,6,2
9564,7,7
9565,7,7
9566,2,2
9567,7,8
9568,8,1
9569,4,4
9570,0,2
9571,4,2
9572,3,3
9573,4,8
9574,4,2
9575,7,8
9576,7,5
9577,0,2
9578,3,4
9579,7,9
9580,4,1
9581,7,7
9582,7,5
9583,7,9
9584,4,4
9585,7,5
9586,7,5
9587,4,1
9588,4,4
9589,4,1
9590,4,2
9591,0,0
9592,0,2
9593,4,4
9594,4,2
9595,4,4
9596,7,7
9597,4,4
9598,7,7
9599,4,1
9600,4,2
9601,7,7
9602,8,3
9603,6,4
9604,7,5
9605,4,3
9606,2,8
9607,7,7
9608,7,9
9609,7,8
9610,7,8
9611,4,1
9612,7,5
9613,7,5
9614,4,4
9615,4,3
9616,4,4
9617,7,7
9618,9,9
9619,6,0
9620,4,6
9621,4,4
9622,2,3
9623,2,3
9624,8,9
9625,0,6
9626,4,6
9627,7,7
9628,8,1
9629,4,6
9630,4,4
9631,2,8
9632,4,1
9633,0,2
9634,7,7
9635,0,0
9636,7,5
9637,0,0
9638,0,2
9639,6,6
9640,4,3
9641,4,1
9642,0,0
9643,7,5
9644,7,7
9645,7,5
9646,7,9
9647,7,8
9648,2,3
9649,4,8
9650,4,4
9651,2,3
9652,8,9
9653,4,1
9654,0,0
9655,4,1
9656,7,7
9657,4,2
9658,4,1
9659,7,7
9660,4,4
9661,4,4
9662,2,8
9663,6,2
9664,7,8
9665,7,7
9666,7,7
9667,0,0
9668,0,0
9669,0,0
9670,2,8
9671,4,4
9672,6,2
9673,0,2
9674,4,2
9675,7,7
9676,7,5
9677,7,8
9678,6,4
9679,4,8
9680,4,4
9681,6,2
9682,4,2
9683,7,7
9684,4,0
9685,0,0
9686,7,8
9687,7,7
9688,7,9
9689,6,2
9690,4,0
9691,3,3
9692,7,0
9693,2,3
9694,7,7
9695,2,1
9696,4,6
9697,0,2
9698,9,8
9699,4,3
9700,0,0
9701,4,1
9702,6,2
9703,7,9
9704,7,7
9705,7,7
9706,7,7
9707,7,8
9708,4,1
9709,7,9
9710,7,9
9711,6,6
9712,4,6
9713,7,8
9714,7,9
9715,4,0
9716,7,7
9717,4,3
9718,6,6
9719,4,3
9720,4,3
9721,0,2
9722,7,5
9723,4,6
9724,4,4
9725,2,3
9726,0,0
9727,3,6
9728,7,7
9729,2,8
9730,4,3
9731,7,9
9732,0,4
9733,2,3
9734,0,0
9735,4,3
9736,0,0
9737,0,0
9738,7,5
9739,0,0
9740,3,4
9741,7,7
9742,2,1
9743,6,2
9744,6,0
9745,0,2
9746,9,8
9747,7,7
9748,7,7
9749,4,4
9750,0,0
9751,7,9
9752,7,9
9753,0,0
9754,7,7
9755,4,1
9756,4,4
9757,7,9
9758,4,2
9759,0,0
9760,4,4
9761,9,8
9762,7,5
9763,0,6
9764,6,3
9765,0,6
9766,4,1
9767,7,5
9768,4,6
9769,0,0
9770,9,5
9771,0,6
9772,6,0
9773,4,1
9774,2,1
9775,0,6
9776,4,3
9777,0,0
9778,4,3
9779,8,3
9780,0,0
9781,7,5
9782,7,7
9783,4,4
9784,3,2
9785,0,0
9786,4,2
9787,4,3
9788,0,0
9789,0,0
9790,8,1
9791,6,4
9792,4,4
9793,4,4
9794,3,6
9795,0,2
9796,4,4
9797,7,8
9798,7,9
9799,0,2
9800,7,5
9801,7,7
9802,4,1
9803,7,7
9804,6,6
9805,7,5
9806,2,4
9807,7,5
9808,5,9
9809,2,3
9810,4,1
9811,8,9
9812,7,5
9813,7,9
9814,7,7
9815,4,2
9816,4,1
9817,7,7
9818,3,4
9819,2,8
9820,7,9
9821,4,3
9822,4,2
9823,4,0
9824,7,5
9825,4,1
9826,4,2
9827,3,4
9828,4,1
9829,0,0
9830,2,4
9831,7,8
9832,6,2
9833,7,5
9834,2,3
9835,4,4
9836,7,7
9837,4,1
9838,7,8
9839,4,1
9840,7,7
9841,4,1
9842,9,8
9843,0,2
9844,2,4
9845,3,6
9846,7,7
9847,7,0
9848,4,6
9849,7,5
9850,3,3
9851,3,4
9852,0,0
9853,7,5
9854,7,8
9855,4,6
9856,4,4
9857,2,4
9858,0,6
9859,7,7
9860,7,9
9861,8,1
9862,4,1
9863,4,1
9864,4,1
9865,7,5
9866,0,0
9867,0,6
9868,4,1
9869,4,6
9870,0,0
9871,7,5
9872,7,5
9873,0,0
9874,4,1
9875,8,5
9876,4,3
9877,7,9
9878,0,0
9879,7,5
9880,6,6
9881,3,4
9882,4,6
9883,7,5
9884,4,3
9885,8,9
9886,7,9
9887,0,2
9888,0,0
9889,8,9
9890,4,8
9891,7,9
9892,4,4
9893,7,5
9894,0,2
9895,7,5
9896,9,8
9897,6,0
9898,4,4
9899,0,8
9900,9,8
9901,7,9
9902,4,3
9903,7,7
9904,7,9
9905,7,7
9906,4,1
9907,4,1
9908,3,2
9909,0,0
9910,8,9
9911,0,2
9912,7,9
9913,0,6
9914,2,5
9915,7,7
9916,7,7
9917,7,9
9918,9,8
9919,6,2
9920,6,2
9921,7,9
9922,7,5
9923,4,2
9924,4,4
9925,7,7
9926,8,9
9927,3,2
9928,4,8
9929,2,8
9930,7,9
9931,7,7
9932,7,7
9933,4,1
9934,4,0
9935,4,3
9936,7,5
9937,2,8
9938,7,5
9939,4,4
9940,7,9
9941,7,9
9942,7,7
9943,2,4
9944,7,5
9945,4,4
9946,7,8
9947,8,9
9948,2,3
9949,7,7
9950,7,7
9951,9,8
9952,8,9
9953,4,1
9954,0,2
9955,3,4
9956,7,8
9957,7,9
9958,3,4
9959,4,4
9960,7,7
9961,4,6
9962,0,2
9963,4,2
9964,2,4
9965,8,3
9966,3,4
9967,7,5
9968,0,0
9969,0,8
9970,7,5
9971,7,9
9972,0,6
9973,0,0
9974,7,5
9975,0,0
9976,4,8
9977,7,8
9978,7,7
9979,3,2
9980,7,7
9981,6,4
9982,7,5
9983,7,5
9984,7,5
9985,4,0
9986,4,0
9987,4,6
9988,7,7
9989,8,9
9990,7,7
9991,7,9
9992,2,4
9993,7,8
9994,4,0
9995,0,0
9996,4,6
9997,9,8
9998,0,8
9999,6,1
